{
  "type": "FeatureCollection",
  "features": [
    {
      "type": "Feature",
      "geometry": {
        "type": "Point",
        "coordinates": [
          4.47917,
          51.9225
        ]
      },
      "properties": {
        "name": "Rotterdam",
        "country": "The Netherlands",
        "region": "South Holland",
        "elevation_m": null,
        "population": 868135,
        "feature_type": "populated place",
        "geoname_id": 2747891
      }
    },
    {
      "type": "Feature",
      "geometry": {
        "type": "Point",
        "coordinates": [
          4.88969,
          52.37403
        ]
      },
      "properties": {
        "name": "Amsterdam",
        "country": "The Netherlands",
        "region": "North Holland",
        "elevation_m": null,
        "population": 741636,
        "feature_type": "capital of a political entity",
        "geoname_id": 2759794
      }
    },
    {
      "type": "Feature",
      "geometry": {
        "type": "Point",
        "coordinates": [
          4.29861,
          52.07667
        ]
      },
      "properties": {
        "name": "The Hague",
        "country": "The Netherlands",
        "region": "South Holland",
        "elevation_m": null,
        "population": 474292,
        "feature_type": "seat of government of a political entity",
        "geoname_id": 2747373
      }
    },
    {
      "type": "Feature",
      "geometry": {
        "type": "Point",
        "coordinates": [
          5.12222,
          52.09083
        ]
      },
      "properties": {
        "name": "Utrecht",
        "country": "The Netherlands",
        "region": "Utrecht",
        "elevation_m": null,
        "population": 376435,
        "feature_type": "seat of a first-order administrative division",
        "geoname_id": 2745912
      }
    },
    {
      "type": "Feature",
      "geometry": {
        "type": "Point",
        "coordinates": [
          6.56667,
          53.21917
        ]
      },
      "properties": {
        "name": "Groningen",
        "country": "The Netherlands",
        "region": "Groningen",
        "elevation_m": null,
        "population": 244807,
        "feature_type": "seat of a first-order administrative division",
        "geoname_id": 2755251
      }
    },
    {
      "type": "Feature",
      "geometry": {
        "type": "Point",
        "coordinates": [
          5.47778,
          51.44083
        ]
      },
      "properties": {
        "name": "Eindhoven",
        "country": "The Netherlands",
        "region": "North Brabant",
        "elevation_m": null,
        "population": 235691,
        "feature_type": "populated place",
        "geoname_id": 2756253
      }
    },
    {
      "type": "Feature",
      "geometry": {
        "type": "Point",
        "coordinates": [
          5.0913,
          51.55551
        ]
      },
      "properties": {
        "name": "Tilburg",
        "country": "The Netherlands",
        "region": "North Brabant",
        "elevation_m": null,
        "population": 221947,
        "feature_type": "populated place",
        "geoname_id": 2746301
      }
    },
    {
      "type": "Feature",
      "geometry": {
        "type": "Point",
        "coordinates": [
          4.77596,
          51.58656
        ]
      },
      "properties": {
        "name": "Breda",
        "country": "The Netherlands",
        "region": "North Brabant",
        "elevation_m": null,
        "population": 184126,
        "feature_type": "populated place",
        "geoname_id": 2758401
      }
    },
    {
      "type": "Feature",
      "geometry": {
        "type": "Point",
        "coordinates": [
          5.85278,
          51.8425
        ]
      },
      "properties": {
        "name": "Nijmegen",
        "country": "The Netherlands",
        "region": "Gelderland",
        "elevation_m": null,
        "population": 177359,
        "feature_type": "populated place",
        "geoname_id": 2750053
      }
    },
    {
      "type": "Feature",
      "geometry": {
        "type": "Point",
        "coordinates": [
          5.21413,
          52.37025
        ]
      },
      "properties": {
        "name": "Almere Stad",
        "country": "The Netherlands",
        "region": "Flevoland",
        "elevation_m": null,
        "population": 176432,
        "feature_type": "populated place",
        "geoname_id": 2759879
      }
    },
    {
      "type": "Feature",
      "geometry": {
        "type": "Point",
        "coordinates": [
          4.63683,
          52.38084
        ]
      },
      "properties": {
        "name": "Haarlem",
        "country": "The Netherlands",
        "region": "North Holland",
        "elevation_m": null,
        "population": 162543,
        "feature_type": "seat of a first-order administrative division",
        "geoname_id": 2755003
      }
    },
    {
      "type": "Feature",
      "geometry": {
        "type": "Point",
        "coordinates": [
          5.91111,
          51.98
        ]
      },
      "properties": {
        "name": "Arnhem",
        "country": "The Netherlands",
        "region": "Gelderland",
        "elevation_m": null,
        "population": 162424,
        "feature_type": "seat of a first-order administrative division",
        "geoname_id": 2759661
      }
    },
    {
      "type": "Feature",
      "geometry": {
        "type": "Point",
        "coordinates": [
          5.30417,
          51.69917
        ]
      },
      "properties": {
        "name": "'s-Hertogenbosch",
        "country": "The Netherlands",
        "region": "North Brabant",
        "elevation_m": null,
        "population": 160783,
        "feature_type": "seat of a first-order administrative division",
        "geoname_id": 2747351
      }
    },
    {
      "type": "Feature",
      "geometry": {
        "type": "Point",
        "coordinates": [
          6.89583,
          52.21833
        ]
      },
      "properties": {
        "name": "Enschede",
        "country": "The Netherlands",
        "region": "Overijssel",
        "elevation_m": null,
        "population": 153655,
        "feature_type": "populated place",
        "geoname_id": 2756071
      }
    },
    {
      "type": "Feature",
      "geometry": {
        "type": "Point",
        "coordinates": [
          4.81356,
          52.45313
        ]
      },
      "properties": {
        "name": "Zaanstad",
        "country": "The Netherlands",
        "region": "North Holland",
        "elevation_m": null,
        "population": 140085,
        "feature_type": "populated place",
        "geoname_id": 2744114
      }
    },
    {
      "type": "Feature",
      "geometry": {
        "type": "Point",
        "coordinates": [
          5.3875,
          52.155
        ]
      },
      "properties": {
        "name": "Amersfoort",
        "country": "The Netherlands",
        "region": "Utrecht",
        "elevation_m": null,
        "population": 139914,
        "feature_type": "populated place",
        "geoname_id": 2759821
      }
    },
    {
      "type": "Feature",
      "geometry": {
        "type": "Point",
        "coordinates": [
          5.96944,
          52.21
        ]
      },
      "properties": {
        "name": "Apeldoorn",
        "country": "The Netherlands",
        "region": "Gelderland",
        "elevation_m": 12,
        "population": 136670,
        "feature_type": "populated place",
        "geoname_id": 2759706
      }
    },
    {
      "type": "Feature",
      "geometry": {
        "type": "Point",
        "coordinates": [
          4.68889,
          52.3025
        ]
      },
      "properties": {
        "name": "Hoofddorp",
        "country": "The Netherlands",
        "region": "North Holland",
        "elevation_m": null,
        "population": 132734,
        "feature_type": "populated place",
        "geoname_id": 2753801
      }
    },
    {
      "type": "Feature",
      "geometry": {
        "type": "Point",
        "coordinates": [
          6.09444,
          52.5125
        ]
      },
      "properties": {
        "name": "Zwolle",
        "country": "The Netherlands",
        "region": "Overijssel",
        "elevation_m": null,
        "population": 129840,
        "feature_type": "seat of a first-order administrative division",
        "geoname_id": 2743477
      }
    },
    {
      "type": "Feature",
      "geometry": {
        "type": "Point",
        "coordinates": [
          5.80973,
          53.20271
        ]
      },
      "properties": {
        "name": "Leeuwarden",
        "country": "The Netherlands",
        "region": "Friesland",
        "elevation_m": null,
        "population": 124481,
        "feature_type": "seat of a first-order administrative division",
        "geoname_id": 2751792
      }
    },
    {
      "type": "Feature",
      "geometry": {
        "type": "Point",
        "coordinates": [
          5.68889,
          50.84833
        ]
      },
      "properties": {
        "name": "Maastricht",
        "country": "The Netherlands",
        "region": "Limburg",
        "elevation_m": null,
        "population": 122378,
        "feature_type": "seat of a first-order administrative division",
        "geoname_id": 2751283
      }
    },
    {
      "type": "Feature",
      "geometry": {
        "type": "Point",
        "coordinates": [
          4.49306,
          52.15833
        ]
      },
      "properties": {
        "name": "Leiden",
        "country": "The Netherlands",
        "region": "South Holland",
        "elevation_m": null,
        "population": 119713,
        "feature_type": "populated place",
        "geoname_id": 2751773
      }
    },
    {
      "type": "Feature",
      "geometry": {
        "type": "Point",
        "coordinates": [
          4.67361,
          51.81
        ]
      },
      "properties": {
        "name": "Dordrecht",
        "country": "The Netherlands",
        "region": "South Holland",
        "elevation_m": null,
        "population": 119260,
        "feature_type": "populated place",
        "geoname_id": 2756669
      }
    },
    {
      "type": "Feature",
      "geometry": {
        "type": "Point",
        "coordinates": [
          4.49306,
          52.0575
        ]
      },
      "properties": {
        "name": "Zoetermeer",
        "country": "The Netherlands",
        "region": "South Holland",
        "elevation_m": null,
        "population": 115845,
        "feature_type": "populated place",
        "geoname_id": 2743856
      }
    },
    {
      "type": "Feature",
      "geometry": {
        "type": "Point",
        "coordinates": [
          6.16806,
          51.37
        ]
      },
      "properties": {
        "name": "Venlo",
        "country": "The Netherlands",
        "region": "Limburg",
        "elevation_m": null,
        "population": 101988,
        "feature_type": "seat of a second-order administrative division",
        "geoname_id": 2745641
      }
    },
    {
      "type": "Feature",
      "geometry": {
        "type": "Point",
        "coordinates": [
          6.16389,
          52.255
        ]
      },
      "properties": {
        "name": "Deventer",
        "country": "The Netherlands",
        "region": "Overijssel",
        "elevation_m": null,
        "population": 97331,
        "feature_type": "populated place",
        "geoname_id": 2756987
      }
    },
    {
      "type": "Feature",
      "geometry": {
        "type": "Point",
        "coordinates": [
          4.35556,
          52.00667
        ]
      },
      "properties": {
        "name": "Delft",
        "country": "The Netherlands",
        "region": "South Holland",
        "elevation_m": null,
        "population": 95060,
        "feature_type": "populated place",
        "geoname_id": 2757345
      }
    },
    {
      "type": "Feature",
      "geometry": {
        "type": "Point",
        "coordinates": [
          4.74861,
          52.63167
        ]
      },
      "properties": {
        "name": "Alkmaar",
        "country": "The Netherlands",
        "region": "North Holland",
        "elevation_m": null,
        "population": 94853,
        "feature_type": "populated place",
        "geoname_id": 2759899
      }
    },
    {
      "type": "Feature",
      "geometry": {
        "type": "Point",
        "coordinates": [
          5.98154,
          50.88365
        ]
      },
      "properties": {
        "name": "Heerlen",
        "country": "The Netherlands",
        "region": "Limburg",
        "elevation_m": null,
        "population": 93084,
        "feature_type": "populated place",
        "geoname_id": 2754652
      }
    },
    {
      "type": "Feature",
      "geometry": {
        "type": "Point",
        "coordinates": [
          4.97222,
          52.3075
        ]
      },
      "properties": {
        "name": "Amsterdam-Zuidoost",
        "country": "The Netherlands",
        "region": "North Holland",
        "elevation_m": null,
        "population": 84811,
        "feature_type": "section of populated place",
        "geoname_id": 6544881
      }
    },
    {
      "type": "Feature",
      "geometry": {
        "type": "Point",
        "coordinates": [
          5.17639,
          52.22333
        ]
      },
      "properties": {
        "name": "Hilversum",
        "country": "The Netherlands",
        "region": "North Holland",
        "elevation_m": null,
        "population": 83640,
        "feature_type": "populated place",
        "geoname_id": 2754064
      }
    },
    {
      "type": "Feature",
      "geometry": {
        "type": "Point",
        "coordinates": [
          6.79306,
          52.26583
        ]
      },
      "properties": {
        "name": "Hengelo",
        "country": "The Netherlands",
        "region": "Overijssel",
        "elevation_m": null,
        "population": 82311,
        "feature_type": "seat of a second-order administrative division",
        "geoname_id": 2754394
      }
    },
    {
      "type": "Feature",
      "geometry": {
        "type": "Point",
        "coordinates": [
          4.95972,
          52.505
        ]
      },
      "properties": {
        "name": "Purmerend",
        "country": "The Netherlands",
        "region": "North Holland",
        "elevation_m": null,
        "population": 80117,
        "feature_type": "populated place",
        "geoname_id": 2748413
      }
    },
    {
      "type": "Feature",
      "geometry": {
        "type": "Point",
        "coordinates": [
          5.475,
          52.50833
        ]
      },
      "properties": {
        "name": "Lelystad",
        "country": "The Netherlands",
        "region": "Flevoland",
        "elevation_m": null,
        "population": 79811,
        "feature_type": "seat of a first-order administrative division",
        "geoname_id": 2751738
      }
    },
    {
      "type": "Feature",
      "geometry": {
        "type": "Point",
        "coordinates": [
          4.86389,
          52.30083
        ]
      },
      "properties": {
        "name": "Amstelveen",
        "country": "The Netherlands",
        "region": "North Holland",
        "elevation_m": null,
        "population": 79639,
        "feature_type": "populated place",
        "geoname_id": 2759798
      }
    },
    {
      "type": "Feature",
      "geometry": {
        "type": "Point",
        "coordinates": [
          4.46528,
          51.53083
        ]
      },
      "properties": {
        "name": "Roosendaal",
        "country": "The Netherlands",
        "region": "North Brabant",
        "elevation_m": null,
        "population": 77725,
        "feature_type": "populated place",
        "geoname_id": 2747930
      }
    },
    {
      "type": "Feature",
      "geometry": {
        "type": "Point",
        "coordinates": [
          5.51806,
          51.765
        ]
      },
      "properties": {
        "name": "Oss",
        "country": "The Netherlands",
        "region": "North Brabant",
        "elevation_m": null,
        "population": 76430,
        "feature_type": "populated place",
        "geoname_id": 2749234
      }
    },
    {
      "type": "Feature",
      "geometry": {
        "type": "Point",
        "coordinates": [
          4.38889,
          51.91917
        ]
      },
      "properties": {
        "name": "Schiedam",
        "country": "The Netherlands",
        "region": "South Holland",
        "elevation_m": null,
        "population": 75438,
        "feature_type": "populated place",
        "geoname_id": 2747596
      }
    },
    {
      "type": "Feature",
      "geometry": {
        "type": "Point",
        "coordinates": [
          4.32917,
          51.845
        ]
      },
      "properties": {
        "name": "Spijkenisse",
        "country": "The Netherlands",
        "region": "South Holland",
        "elevation_m": null,
        "population": 74988,
        "feature_type": "populated place",
        "geoname_id": 2746932
      }
    },
    {
      "type": "Feature",
      "geometry": {
        "type": "Point",
        "coordinates": [
          5.66111,
          51.48167
        ]
      },
      "properties": {
        "name": "Helmond",
        "country": "The Netherlands",
        "region": "North Brabant",
        "elevation_m": null,
        "population": 74740,
        "feature_type": "populated place",
        "geoname_id": 2754447
      }
    },
    {
      "type": "Feature",
      "geometry": {
        "type": "Point",
        "coordinates": [
          4.34167,
          51.9125
        ]
      },
      "properties": {
        "name": "Vlaardingen",
        "country": "The Netherlands",
        "region": "South Holland",
        "elevation_m": null,
        "population": 73798,
        "feature_type": "populated place",
        "geoname_id": 2745467
      }
    },
    {
      "type": "Feature",
      "geometry": {
        "type": "Point",
        "coordinates": [
          6.6625,
          52.35667
        ]
      },
      "properties": {
        "name": "Almelo",
        "country": "The Netherlands",
        "region": "Overijssel",
        "elevation_m": null,
        "population": 72725,
        "feature_type": "populated place",
        "geoname_id": 2759887
      }
    },
    {
      "type": "Feature",
      "geometry": {
        "type": "Point",
        "coordinates": [
          4.70833,
          52.01667
        ]
      },
      "properties": {
        "name": "Gouda",
        "country": "The Netherlands",
        "region": "South Holland",
        "elevation_m": null,
        "population": 71952,
        "feature_type": "populated place",
        "geoname_id": 2755420
      }
    },
    {
      "type": "Feature",
      "geometry": {
        "type": "Point",
        "coordinates": [
          4.82643,
          52.43854
        ]
      },
      "properties": {
        "name": "Zaandam",
        "country": "The Netherlands",
        "region": "North Holland",
        "elevation_m": null,
        "population": 71708,
        "feature_type": "populated place",
        "geoname_id": 2744118
      }
    },
    {
      "type": "Feature",
      "geometry": {
        "type": "Point",
        "coordinates": [
          4.65546,
          52.12917
        ]
      },
      "properties": {
        "name": "Alphen aan den Rijn",
        "country": "The Netherlands",
        "region": "South Holland",
        "elevation_m": null,
        "population": 70251,
        "feature_type": "populated place",
        "geoname_id": 2759875
      }
    },
    {
      "type": "Feature",
      "geometry": {
        "type": "Point",
        "coordinates": [
          5.05972,
          52.6425
        ]
      },
      "properties": {
        "name": "Hoorn",
        "country": "The Netherlands",
        "region": "North Holland",
        "elevation_m": null,
        "population": 68852,
        "feature_type": "populated place",
        "geoname_id": 2753638
      }
    },
    {
      "type": "Feature",
      "geometry": {
        "type": "Point",
        "coordinates": [
          6.5625,
          52.99667
        ]
      },
      "properties": {
        "name": "Assen",
        "country": "The Netherlands",
        "region": "Drenthe",
        "elevation_m": null,
        "population": 68836,
        "feature_type": "seat of a first-order administrative division",
        "geoname_id": 2759633
      }
    },
    {
      "type": "Feature",
      "geometry": {
        "type": "Point",
        "coordinates": [
          4.65,
          52.46
        ]
      },
      "properties": {
        "name": "Velsen",
        "country": "The Netherlands",
        "region": "North Holland",
        "elevation_m": null,
        "population": 67758,
        "feature_type": "populated place",
        "geoname_id": 2745673
      }
    },
    {
      "type": "Feature",
      "geometry": {
        "type": "Point",
        "coordinates": [
          5.65833,
          52.03333
        ]
      },
      "properties": {
        "name": "Ede",
        "country": "The Netherlands",
        "region": "Gelderland",
        "elevation_m": null,
        "population": 67670,
        "feature_type": "populated place",
        "geoname_id": 2756429
      }
    },
    {
      "type": "Feature",
      "geometry": {
        "type": "Point",
        "coordinates": [
          4.29167,
          51.495
        ]
      },
      "properties": {
        "name": "Bergen op Zoom",
        "country": "The Netherlands",
        "region": "North Brabant",
        "elevation_m": null,
        "population": 66256,
        "feature_type": "populated place",
        "geoname_id": 2759145
      }
    },
    {
      "type": "Feature",
      "geometry": {
        "type": "Point",
        "coordinates": [
          4.57778,
          51.92917
        ]
      },
      "properties": {
        "name": "Capelle aan den IJssel",
        "country": "The Netherlands",
        "region": "South Holland",
        "elevation_m": null,
        "population": 65255,
        "feature_type": "populated place",
        "geoname_id": 2758012
      }
    },
    {
      "type": "Feature",
      "geometry": {
        "type": "Point",
        "coordinates": [
          5.08056,
          52.02917
        ]
      },
      "properties": {
        "name": "Nieuwegein",
        "country": "The Netherlands",
        "region": "Utrecht",
        "elevation_m": null,
        "population": 61489,
        "feature_type": "populated place",
        "geoname_id": 2750325
      }
    },
    {
      "type": "Feature",
      "geometry": {
        "type": "Point",
        "coordinates": [
          5.55891,
          52.02863
        ]
      },
      "properties": {
        "name": "Veenendaal",
        "country": "The Netherlands",
        "region": "Utrecht",
        "elevation_m": null,
        "population": 61271,
        "feature_type": "populated place",
        "geoname_id": 2745774
      }
    },
    {
      "type": "Feature",
      "geometry": {
        "type": "Point",
        "coordinates": [
          5.23333,
          52.09
        ]
      },
      "properties": {
        "name": "Zeist",
        "country": "The Netherlands",
        "region": "Utrecht",
        "elevation_m": null,
        "population": 60949,
        "feature_type": "populated place",
        "geoname_id": 2743977
      }
    },
    {
      "type": "Feature",
      "geometry": {
        "type": "Point",
        "coordinates": [
          4.75933,
          52.95988
        ]
      },
      "properties": {
        "name": "Den Helder",
        "country": "The Netherlands",
        "region": "North Holland",
        "elevation_m": null,
        "population": 59569,
        "feature_type": "populated place",
        "geoname_id": 2757220
      }
    },
    {
      "type": "Feature",
      "geometry": {
        "type": "Point",
        "coordinates": [
          6.61944,
          52.57583
        ]
      },
      "properties": {
        "name": "Hardenberg",
        "country": "The Netherlands",
        "region": "Overijssel",
        "elevation_m": null,
        "population": 57909,
        "feature_type": "populated place",
        "geoname_id": 2754861
      }
    },
    {
      "type": "Feature",
      "geometry": {
        "type": "Point",
        "coordinates": [
          6.90694,
          52.77917
        ]
      },
      "properties": {
        "name": "Emmen",
        "country": "The Netherlands",
        "region": "Drenthe",
        "elevation_m": null,
        "population": 57010,
        "feature_type": "populated place",
        "geoname_id": 2756136
      }
    },
    {
      "type": "Feature",
      "geometry": {
        "type": "Point",
        "coordinates": [
          4.85972,
          51.645
        ]
      },
      "properties": {
        "name": "Oosterhout",
        "country": "The Netherlands",
        "region": "North Brabant",
        "elevation_m": null,
        "population": 53107,
        "feature_type": "populated place",
        "geoname_id": 2749450
      }
    },
    {
      "type": "Feature",
      "geometry": {
        "type": "Point",
        "coordinates": [
          6.28889,
          51.965
        ]
      },
      "properties": {
        "name": "Doetinchem",
        "country": "The Netherlands",
        "region": "Gelderland",
        "elevation_m": null,
        "population": 49906,
        "feature_type": "populated place",
        "geoname_id": 2756767
      }
    },
    {
      "type": "Feature",
      "geometry": {
        "type": "Point",
        "coordinates": [
          6.0625,
          50.86583
        ]
      },
      "properties": {
        "name": "Kerkrade",
        "country": "The Netherlands",
        "region": "Limburg",
        "elevation_m": null,
        "population": 49777,
        "feature_type": "populated place",
        "geoname_id": 2752923
      }
    },
    {
      "type": "Feature",
      "geometry": {
        "type": "Point",
        "coordinates": [
          5.91111,
          52.555
        ]
      },
      "properties": {
        "name": "Kampen",
        "country": "The Netherlands",
        "region": "Overijssel",
        "elevation_m": null,
        "population": 48980,
        "feature_type": "populated place",
        "geoname_id": 2753106
      }
    },
    {
      "type": "Feature",
      "geometry": {
        "type": "Point",
        "coordinates": [
          5.70694,
          51.25167
        ]
      },
      "properties": {
        "name": "Weert",
        "country": "The Netherlands",
        "region": "Limburg",
        "elevation_m": null,
        "population": 48662,
        "feature_type": "populated place",
        "geoname_id": 2744911
      }
    },
    {
      "type": "Feature",
      "geometry": {
        "type": "Point",
        "coordinates": [
          4.88333,
          52.085
        ]
      },
      "properties": {
        "name": "Woerden",
        "country": "The Netherlands",
        "region": "Utrecht",
        "elevation_m": null,
        "population": 48431,
        "feature_type": "populated place",
        "geoname_id": 2744248
      }
    },
    {
      "type": "Feature",
      "geometry": {
        "type": "Point",
        "coordinates": [
          5.86944,
          50.99833
        ]
      },
      "properties": {
        "name": "Sittard",
        "country": "The Netherlands",
        "region": "Limburg",
        "elevation_m": null,
        "population": 48400,
        "feature_type": "populated place",
        "geoname_id": 2747203
      }
    },
    {
      "type": "Feature",
      "geometry": {
        "type": "Point",
        "coordinates": [
          4.84862,
          52.67144
        ]
      },
      "properties": {
        "name": "Heerhugowaard",
        "country": "The Netherlands",
        "region": "North Holland",
        "elevation_m": null,
        "population": 47580,
        "feature_type": "populated place",
        "geoname_id": 2754659
      }
    },
    {
      "type": "Feature",
      "geometry": {
        "type": "Point",
        "coordinates": [
          4.32501,
          52.03634
        ]
      },
      "properties": {
        "name": "Rijswijk",
        "country": "The Netherlands",
        "region": "South Holland",
        "elevation_m": null,
        "population": 47299,
        "feature_type": "populated place",
        "geoname_id": 2748076
      }
    },
    {
      "type": "Feature",
      "geometry": {
        "type": "Point",
        "coordinates": [
          3.61389,
          51.5
        ]
      },
      "properties": {
        "name": "Middelburg",
        "country": "The Netherlands",
        "region": "Zeeland",
        "elevation_m": null,
        "population": 46485,
        "feature_type": "seat of a first-order administrative division",
        "geoname_id": 2750896
      }
    },
    {
      "type": "Feature",
      "geometry": {
        "type": "Point",
        "coordinates": [
          5.74861,
          52.71083
        ]
      },
      "properties": {
        "name": "Emmeloord",
        "country": "The Netherlands",
        "region": "Flevoland",
        "elevation_m": null,
        "population": 46409,
        "feature_type": "populated place",
        "geoname_id": 2756139
      }
    },
    {
      "type": "Feature",
      "geometry": {
        "type": "Point",
        "coordinates": [
          4.63333,
          51.8175
        ]
      },
      "properties": {
        "name": "Zwijndrecht",
        "country": "The Netherlands",
        "region": "South Holland",
        "elevation_m": null,
        "population": 45696,
        "feature_type": "populated place",
        "geoname_id": 2743493
      }
    },
    {
      "type": "Feature",
      "geometry": {
        "type": "Point",
        "coordinates": [
          5.07083,
          51.6825
        ]
      },
      "properties": {
        "name": "Waalwijk",
        "country": "The Netherlands",
        "region": "North Brabant",
        "elevation_m": null,
        "population": 45610,
        "feature_type": "populated place",
        "geoname_id": 2745123
      }
    },
    {
      "type": "Feature",
      "geometry": {
        "type": "Point",
        "coordinates": [
          3.57361,
          51.4425
        ]
      },
      "properties": {
        "name": "Flushing",
        "country": "The Netherlands",
        "region": "Zeeland",
        "elevation_m": null,
        "population": 45273,
        "feature_type": "populated place",
        "geoname_id": 2745392
      }
    },
    {
      "type": "Feature",
      "geometry": {
        "type": "Point",
        "coordinates": [
          4.60278,
          51.8725
        ]
      },
      "properties": {
        "name": "Ridderkerk",
        "country": "The Netherlands",
        "region": "South Holland",
        "elevation_m": null,
        "population": 45189,
        "feature_type": "populated place",
        "geoname_id": 2748172
      }
    },
    {
      "type": "Feature",
      "geometry": {
        "type": "Point",
        "coordinates": [
          6.0989,
          53.11254
        ]
      },
      "properties": {
        "name": "Drachten",
        "country": "The Netherlands",
        "region": "Friesland",
        "elevation_m": null,
        "population": 45186,
        "feature_type": "seat of a second-order administrative division",
        "geoname_id": 2756644
      }
    },
    {
      "type": "Feature",
      "geometry": {
        "type": "Point",
        "coordinates": [
          5.29167,
          52.17333
        ]
      },
      "properties": {
        "name": "Soest",
        "country": "The Netherlands",
        "region": "Utrecht",
        "elevation_m": null,
        "population": 45021,
        "feature_type": "populated place",
        "geoname_id": 2747034
      }
    },
    {
      "type": "Feature",
      "geometry": {
        "type": "Point",
        "coordinates": [
          5.9875,
          51.19417
        ]
      },
      "properties": {
        "name": "Roermond",
        "country": "The Netherlands",
        "region": "Limburg",
        "elevation_m": null,
        "population": 44975,
        "feature_type": "populated place",
        "geoname_id": 2748000
      }
    },
    {
      "type": "Feature",
      "geometry": {
        "type": "Point",
        "coordinates": [
          5.91854,
          52.95929
        ]
      },
      "properties": {
        "name": "Heerenveen",
        "country": "The Netherlands",
        "region": "Friesland",
        "elevation_m": null,
        "population": 43094,
        "feature_type": "populated place",
        "geoname_id": 2754669
      }
    },
    {
      "type": "Feature",
      "geometry": {
        "type": "Point",
        "coordinates": [
          5.10556,
          52.77167
        ]
      },
      "properties": {
        "name": "Medemblik",
        "country": "The Netherlands",
        "region": "North Holland",
        "elevation_m": null,
        "population": 41500,
        "feature_type": "populated place",
        "geoname_id": 2751073
      }
    },
    {
      "type": "Feature",
      "geometry": {
        "type": "Point",
        "coordinates": [
          5.24167,
          52.29917
        ]
      },
      "properties": {
        "name": "Huizen",
        "country": "The Netherlands",
        "region": "North Holland",
        "elevation_m": null,
        "population": 41273,
        "feature_type": "populated place",
        "geoname_id": 2753468
      }
    },
    {
      "type": "Feature",
      "geometry": {
        "type": "Point",
        "coordinates": [
          5.42917,
          51.88667
        ]
      },
      "properties": {
        "name": "Tiel",
        "country": "The Netherlands",
        "region": "Gelderland",
        "elevation_m": null,
        "population": 40702,
        "feature_type": "populated place",
        "geoname_id": 2746331
      }
    },
    {
      "type": "Feature",
      "geometry": {
        "type": "Point",
        "coordinates": [
          5.62083,
          52.34167
        ]
      },
      "properties": {
        "name": "Harderwijk",
        "country": "The Netherlands",
        "region": "Gelderland",
        "elevation_m": null,
        "population": 40516,
        "feature_type": "populated place",
        "geoname_id": 2754848
      }
    },
    {
      "type": "Feature",
      "geometry": {
        "type": "Point",
        "coordinates": [
          5.04167,
          52.13917
        ]
      },
      "properties": {
        "name": "Maarssen",
        "country": "The Netherlands",
        "region": "Utrecht",
        "elevation_m": null,
        "population": 39675,
        "feature_type": "populated place",
        "geoname_id": 2751316
      }
    },
    {
      "type": "Feature",
      "geometry": {
        "type": "Point",
        "coordinates": [
          4.67165,
          52.51108
        ]
      },
      "properties": {
        "name": "Heemskerk",
        "country": "The Netherlands",
        "region": "North Holland",
        "elevation_m": null,
        "population": 39191,
        "feature_type": "seat of a second-order administrative division",
        "geoname_id": 2754697
      }
    },
    {
      "type": "Feature",
      "geometry": {
        "type": "Point",
        "coordinates": [
          5.975,
          51.525
        ]
      },
      "properties": {
        "name": "Venray",
        "country": "The Netherlands",
        "region": "Limburg",
        "elevation_m": null,
        "population": 39047,
        "feature_type": "populated place",
        "geoname_id": 2745634
      }
    },
    {
      "type": "Feature",
      "geometry": {
        "type": "Point",
        "coordinates": [
          6.47639,
          52.7225
        ]
      },
      "properties": {
        "name": "Hoogeveen",
        "country": "The Netherlands",
        "region": "Drenthe",
        "elevation_m": null,
        "population": 38754,
        "feature_type": "populated place",
        "geoname_id": 2753719
      }
    },
    {
      "type": "Feature",
      "geometry": {
        "type": "Point",
        "coordinates": [
          4.53472,
          51.85667
        ]
      },
      "properties": {
        "name": "Barendrecht",
        "country": "The Netherlands",
        "region": "South Holland",
        "elevation_m": null,
        "population": 38672,
        "feature_type": "populated place",
        "geoname_id": 2759426
      }
    },
    {
      "type": "Feature",
      "geometry": {
        "type": "Point",
        "coordinates": [
          5.48611,
          52.22
        ]
      },
      "properties": {
        "name": "Nijkerk",
        "country": "The Netherlands",
        "region": "Gelderland",
        "elevation_m": null,
        "population": 38335,
        "feature_type": "populated place",
        "geoname_id": 2750065
      }
    },
    {
      "type": "Feature",
      "geometry": {
        "type": "Point",
        "coordinates": [
          4.35972,
          52.07417
        ]
      },
      "properties": {
        "name": "Voorburg",
        "country": "The Netherlands",
        "region": "South Holland",
        "elevation_m": null,
        "population": 38000,
        "feature_type": "populated place",
        "geoname_id": 2745321
      }
    },
    {
      "type": "Feature",
      "geometry": {
        "type": "Point",
        "coordinates": [
          4.65694,
          52.48333
        ]
      },
      "properties": {
        "name": "Beverwijk",
        "country": "The Netherlands",
        "region": "North Holland",
        "elevation_m": null,
        "population": 37585,
        "feature_type": "populated place",
        "geoname_id": 2758998
      }
    },
    {
      "type": "Feature",
      "geometry": {
        "type": "Point",
        "coordinates": [
          3.88889,
          51.50417
        ]
      },
      "properties": {
        "name": "Goes",
        "country": "The Netherlands",
        "region": "Zeeland",
        "elevation_m": null,
        "population": 36931,
        "feature_type": "populated place",
        "geoname_id": 2755476
      }
    },
    {
      "type": "Feature",
      "geometry": {
        "type": "Point",
        "coordinates": [
          6.20139,
          52.13833
        ]
      },
      "properties": {
        "name": "Zutphen",
        "country": "The Netherlands",
        "region": "Gelderland",
        "elevation_m": null,
        "population": 36188,
        "feature_type": "populated place",
        "geoname_id": 2743608
      }
    },
    {
      "type": "Feature",
      "geometry": {
        "type": "Point",
        "coordinates": [
          5.66667,
          51.97
        ]
      },
      "properties": {
        "name": "Wageningen",
        "country": "The Netherlands",
        "region": "Gelderland",
        "elevation_m": null,
        "population": 35433,
        "feature_type": "populated place",
        "geoname_id": 2745088
      }
    },
    {
      "type": "Feature",
      "geometry": {
        "type": "Point",
        "coordinates": [
          4.66944,
          52.54833
        ]
      },
      "properties": {
        "name": "Castricum",
        "country": "The Netherlands",
        "region": "North Holland",
        "elevation_m": null,
        "population": 35256,
        "feature_type": "populated place",
        "geoname_id": 2757991
      }
    },
    {
      "type": "Feature",
      "geometry": {
        "type": "Point",
        "coordinates": [
          5.58472,
          52.14
        ]
      },
      "properties": {
        "name": "Barneveld",
        "country": "The Netherlands",
        "region": "Gelderland",
        "elevation_m": null,
        "population": 35095,
        "feature_type": "populated place",
        "geoname_id": 2759407
      }
    },
    {
      "type": "Feature",
      "geometry": {
        "type": "Point",
        "coordinates": [
          4.3625,
          51.86333
        ]
      },
      "properties": {
        "name": "Hoogvliet",
        "country": "The Netherlands",
        "region": "South Holland",
        "elevation_m": null,
        "population": 34950,
        "feature_type": "populated place",
        "geoname_id": 2753666
      }
    },
    {
      "type": "Feature",
      "geometry": {
        "type": "Point",
        "coordinates": [
          4.97243,
          51.83652
        ]
      },
      "properties": {
        "name": "Gorinchem",
        "country": "The Netherlands",
        "region": "South Holland",
        "elevation_m": null,
        "population": 34736,
        "feature_type": "populated place",
        "geoname_id": 2755434
      }
    },
    {
      "type": "Feature",
      "geometry": {
        "type": "Point",
        "coordinates": [
          5.61944,
          51.66083
        ]
      },
      "properties": {
        "name": "Uden",
        "country": "The Netherlands",
        "region": "North Brabant",
        "elevation_m": null,
        "population": 34601,
        "feature_type": "populated place",
        "geoname_id": 2746005
      }
    },
    {
      "type": "Feature",
      "geometry": {
        "type": "Point",
        "coordinates": [
          5.04306,
          52.02
        ]
      },
      "properties": {
        "name": "IJsselstein",
        "country": "The Netherlands",
        "region": "Utrecht",
        "elevation_m": null,
        "population": 33886,
        "feature_type": "populated place",
        "geoname_id": 2753355
      }
    },
    {
      "type": "Feature",
      "geometry": {
        "type": "Point",
        "coordinates": [
          5.98333,
          52.3475
        ]
      },
      "properties": {
        "name": "Epe",
        "country": "The Netherlands",
        "region": "Gelderland",
        "elevation_m": null,
        "population": 33385,
        "feature_type": "populated place",
        "geoname_id": 2756059
      }
    },
    {
      "type": "Feature",
      "geometry": {
        "type": "Point",
        "coordinates": [
          5.6589,
          53.03297
        ]
      },
      "properties": {
        "name": "Sneek",
        "country": "The Netherlands",
        "region": "Friesland",
        "elevation_m": null,
        "population": 32811,
        "feature_type": "populated place",
        "geoname_id": 2747063
      }
    },
    {
      "type": "Feature",
      "geometry": {
        "type": "Point",
        "coordinates": [
          5.82917,
          50.97417
        ]
      },
      "properties": {
        "name": "Geleen",
        "country": "The Netherlands",
        "region": "Limburg",
        "elevation_m": null,
        "population": 32790,
        "feature_type": "populated place",
        "geoname_id": 2755616
      }
    },
    {
      "type": "Feature",
      "geometry": {
        "type": "Point",
        "coordinates": [
          4.25,
          51.92333
        ]
      },
      "properties": {
        "name": "Maassluis",
        "country": "The Netherlands",
        "region": "South Holland",
        "elevation_m": null,
        "population": 32780,
        "feature_type": "populated place",
        "geoname_id": 2751285
      }
    },
    {
      "type": "Feature",
      "geometry": {
        "type": "Point",
        "coordinates": [
          5.725,
          51.80917
        ]
      },
      "properties": {
        "name": "Wijchen",
        "country": "The Netherlands",
        "region": "Gelderland",
        "elevation_m": null,
        "population": 32693,
        "feature_type": "populated place",
        "geoname_id": 2744514
      }
    },
    {
      "type": "Feature",
      "geometry": {
        "type": "Point",
        "coordinates": [
          4.61048,
          52.4603
        ]
      },
      "properties": {
        "name": "IJmuiden",
        "country": "The Netherlands",
        "region": "North Holland",
        "elevation_m": null,
        "population": 31925,
        "feature_type": "populated place",
        "geoname_id": 2753376
      }
    },
    {
      "type": "Feature",
      "geometry": {
        "type": "Point",
        "coordinates": [
          4.6875,
          51.83167
        ]
      },
      "properties": {
        "name": "Papendrecht",
        "country": "The Netherlands",
        "region": "South Holland",
        "elevation_m": null,
        "population": 31621,
        "feature_type": "populated place",
        "geoname_id": 2748729
      }
    },
    {
      "type": "Feature",
      "geometry": {
        "type": "Point",
        "coordinates": [
          4.63056,
          52.26417
        ]
      },
      "properties": {
        "name": "Nieuw-Vennep",
        "country": "The Netherlands",
        "region": "North Holland",
        "elevation_m": null,
        "population": 31415,
        "feature_type": "populated place",
        "geoname_id": 2750121
      }
    },
    {
      "type": "Feature",
      "geometry": {
        "type": "Point",
        "coordinates": [
          6.92917,
          52.31333
        ]
      },
      "properties": {
        "name": "Oldenzaal",
        "country": "The Netherlands",
        "region": "Overijssel",
        "elevation_m": null,
        "population": 31410,
        "feature_type": "populated place",
        "geoname_id": 2749644
      }
    },
    {
      "type": "Feature",
      "geometry": {
        "type": "Point",
        "coordinates": [
          5.16111,
          52.27333
        ]
      },
      "properties": {
        "name": "Bussum",
        "country": "The Netherlands",
        "region": "North Holland",
        "elevation_m": null,
        "population": 31334,
        "feature_type": "populated place",
        "geoname_id": 2758064
      }
    },
    {
      "type": "Feature",
      "geometry": {
        "type": "Point",
        "coordinates": [
          5.45972,
          51.35083
        ]
      },
      "properties": {
        "name": "Valkenswaard",
        "country": "The Netherlands",
        "region": "North Brabant",
        "elevation_m": null,
        "population": 31071,
        "feature_type": "populated place",
        "geoname_id": 2745860
      }
    },
    {
      "type": "Feature",
      "geometry": {
        "type": "Point",
        "coordinates": [
          6.19444,
          52.69583
        ]
      },
      "properties": {
        "name": "Meppel",
        "country": "The Netherlands",
        "region": "Drenthe",
        "elevation_m": null,
        "population": 30697,
        "feature_type": "populated place",
        "geoname_id": 2750947
      }
    },
    {
      "type": "Feature",
      "geometry": {
        "type": "Point",
        "coordinates": [
          4.36981,
          52.04098
        ]
      },
      "properties": {
        "name": "Ypenburg",
        "country": "The Netherlands",
        "region": "South Holland",
        "elevation_m": 0,
        "population": 30000,
        "feature_type": "populated place",
        "geoname_id": 6941548
      }
    },
    {
      "type": "Feature",
      "geometry": {
        "type": "Point",
        "coordinates": [
          4.70417,
          52.66917
        ]
      },
      "properties": {
        "name": "Bergen",
        "country": "The Netherlands",
        "region": "North Holland",
        "elevation_m": null,
        "population": 29715,
        "feature_type": "seat of a second-order administrative division",
        "geoname_id": 2759154
      }
    },
    {
      "type": "Feature",
      "geometry": {
        "type": "Point",
        "coordinates": [
          6.71944,
          51.9725
        ]
      },
      "properties": {
        "name": "Winterswijk",
        "country": "The Netherlands",
        "region": "Gelderland",
        "elevation_m": null,
        "population": 29623,
        "feature_type": "populated place",
        "geoname_id": 2744332
      }
    },
    {
      "type": "Feature",
      "geometry": {
        "type": "Point",
        "coordinates": [
          5.32917,
          51.59083
        ]
      },
      "properties": {
        "name": "Boxtel",
        "country": "The Netherlands",
        "region": "North Brabant",
        "elevation_m": null,
        "population": 29511,
        "feature_type": "populated place",
        "geoname_id": 2758460
      }
    },
    {
      "type": "Feature",
      "geometry": {
        "type": "Point",
        "coordinates": [
          5.97083,
          50.94667
        ]
      },
      "properties": {
        "name": "Brunssum",
        "country": "The Netherlands",
        "region": "Limburg",
        "elevation_m": null,
        "population": 29254,
        "feature_type": "populated place",
        "geoname_id": 2758174
      }
    },
    {
      "type": "Feature",
      "geometry": {
        "type": "Point",
        "coordinates": [
          5.43194,
          52.1325
        ]
      },
      "properties": {
        "name": "Leusden",
        "country": "The Netherlands",
        "region": "Utrecht",
        "elevation_m": null,
        "population": 29215,
        "feature_type": "populated place",
        "geoname_id": 2751687
      }
    },
    {
      "type": "Feature",
      "geometry": {
        "type": "Point",
        "coordinates": [
          5.39028,
          51.5075
        ]
      },
      "properties": {
        "name": "Best",
        "country": "The Netherlands",
        "region": "North Brabant",
        "elevation_m": null,
        "population": 29074,
        "feature_type": "populated place",
        "geoname_id": 2759040
      }
    },
    {
      "type": "Feature",
      "geometry": {
        "type": "Point",
        "coordinates": [
          4.60278,
          51.91667
        ]
      },
      "properties": {
        "name": "Krimpen aan den IJssel",
        "country": "The Netherlands",
        "region": "South Holland",
        "elevation_m": null,
        "population": 29017,
        "feature_type": "populated place",
        "geoname_id": 2752264
      }
    },
    {
      "type": "Feature",
      "geometry": {
        "type": "Point",
        "coordinates": [
          6.91806,
          53.33
        ]
      },
      "properties": {
        "name": "Delfzijl",
        "country": "The Netherlands",
        "region": "Groningen",
        "elevation_m": null,
        "population": 28649,
        "feature_type": "populated place",
        "geoname_id": 2757340
      }
    },
    {
      "type": "Feature",
      "geometry": {
        "type": "Point",
        "coordinates": [
          6.87917,
          53.10667
        ]
      },
      "properties": {
        "name": "Veendam",
        "country": "The Netherlands",
        "region": "Groningen",
        "elevation_m": null,
        "population": 28155,
        "feature_type": "populated place",
        "geoname_id": 2745783
      }
    },
    {
      "type": "Feature",
      "geometry": {
        "type": "Point",
        "coordinates": [
          4.54937,
          51.88264
        ]
      },
      "properties": {
        "name": "Groot IJsselmonde",
        "country": "The Netherlands",
        "region": "South Holland",
        "elevation_m": null,
        "population": 28120,
        "feature_type": "section of populated place",
        "geoname_id": 2755123
      }
    },
    {
      "type": "Feature",
      "geometry": {
        "type": "Point",
        "coordinates": [
          5.71806,
          52.525
        ]
      },
      "properties": {
        "name": "Dronten",
        "country": "The Netherlands",
        "region": "Flevoland",
        "elevation_m": null,
        "population": 28073,
        "feature_type": "populated place",
        "geoname_id": 2756559
      }
    },
    {
      "type": "Feature",
      "geometry": {
        "type": "Point",
        "coordinates": [
          3.82778,
          51.33583
        ]
      },
      "properties": {
        "name": "Terneuzen",
        "country": "The Netherlands",
        "region": "Zeeland",
        "elevation_m": null,
        "population": 27930,
        "feature_type": "populated place",
        "geoname_id": 2746420
      }
    },
    {
      "type": "Feature",
      "geometry": {
        "type": "Point",
        "coordinates": [
          5.55972,
          51.42167
        ]
      },
      "properties": {
        "name": "Geldrop",
        "country": "The Netherlands",
        "region": "North Brabant",
        "elevation_m": null,
        "population": 27900,
        "feature_type": "populated place",
        "geoname_id": 2755619
      }
    },
    {
      "type": "Feature",
      "geometry": {
        "type": "Point",
        "coordinates": [
          6.51806,
          52.30667
        ]
      },
      "properties": {
        "name": "Rijssen",
        "country": "The Netherlands",
        "region": "Overijssel",
        "elevation_m": null,
        "population": 27740,
        "feature_type": "populated place",
        "geoname_id": 2748083
      }
    },
    {
      "type": "Feature",
      "geometry": {
        "type": "Point",
        "coordinates": [
          4.82639,
          52.2375
        ]
      },
      "properties": {
        "name": "Uithoorn",
        "country": "The Netherlands",
        "region": "North Holland",
        "elevation_m": null,
        "population": 26846,
        "feature_type": "populated place",
        "geoname_id": 2745973
      }
    },
    {
      "type": "Feature",
      "geometry": {
        "type": "Point",
        "coordinates": [
          5.22778,
          51.955
        ]
      },
      "properties": {
        "name": "Culemborg",
        "country": "The Netherlands",
        "region": "Gelderland",
        "elevation_m": null,
        "population": 26826,
        "feature_type": "populated place",
        "geoname_id": 2757872
      }
    },
    {
      "type": "Feature",
      "geometry": {
        "type": "Point",
        "coordinates": [
          6.25694,
          52.51167
        ]
      },
      "properties": {
        "name": "Dalfsen",
        "country": "The Netherlands",
        "region": "Overijssel",
        "elevation_m": null,
        "population": 26575,
        "feature_type": "populated place",
        "geoname_id": 2757850
      }
    },
    {
      "type": "Feature",
      "geometry": {
        "type": "Point",
        "coordinates": [
          5.24444,
          51.81
        ]
      },
      "properties": {
        "name": "Zaltbommel",
        "country": "The Netherlands",
        "region": "Gelderland",
        "elevation_m": null,
        "population": 26383,
        "feature_type": "populated place",
        "geoname_id": 2744102
      }
    },
    {
      "type": "Feature",
      "geometry": {
        "type": "Point",
        "coordinates": [
          6.07083,
          51.93
        ]
      },
      "properties": {
        "name": "Zevenaar",
        "country": "The Netherlands",
        "region": "Gelderland",
        "elevation_m": null,
        "population": 26063,
        "feature_type": "populated place",
        "geoname_id": 2743949
      }
    },
    {
      "type": "Feature",
      "geometry": {
        "type": "Point",
        "coordinates": [
          5.18889,
          51.57917
        ]
      },
      "properties": {
        "name": "Oisterwijk",
        "country": "The Netherlands",
        "region": "North Brabant",
        "elevation_m": null,
        "population": 25980,
        "feature_type": "populated place",
        "geoname_id": 2749680
      }
    },
    {
      "type": "Feature",
      "geometry": {
        "type": "Point",
        "coordinates": [
          4.52917,
          52.15833
        ]
      },
      "properties": {
        "name": "Leiderdorp",
        "country": "The Netherlands",
        "region": "South Holland",
        "elevation_m": null,
        "population": 25966,
        "feature_type": "populated place",
        "geoname_id": 2751771
      }
    },
    {
      "type": "Feature",
      "geometry": {
        "type": "Point",
        "coordinates": [
          5.28889,
          51.88083
        ]
      },
      "properties": {
        "name": "Geldermalsen",
        "country": "The Netherlands",
        "region": "Gelderland",
        "elevation_m": null,
        "population": 25734,
        "feature_type": "populated place",
        "geoname_id": 2755633
      }
    },
    {
      "type": "Feature",
      "geometry": {
        "type": "Point",
        "coordinates": [
          4.62301,
          52.34992
        ]
      },
      "properties": {
        "name": "Heemstede",
        "country": "The Netherlands",
        "region": "North Holland",
        "elevation_m": null,
        "population": 25562,
        "feature_type": "populated place",
        "geoname_id": 2754692
      }
    },
    {
      "type": "Feature",
      "geometry": {
        "type": "Point",
        "coordinates": [
          5.76667,
          51.86083
        ]
      },
      "properties": {
        "name": "Beuningen",
        "country": "The Netherlands",
        "region": "Gelderland",
        "elevation_m": null,
        "population": 25557,
        "feature_type": "populated place",
        "geoname_id": 2759016
      }
    },
    {
      "type": "Feature",
      "geometry": {
        "type": "Point",
        "coordinates": [
          6.01389,
          51.94667
        ]
      },
      "properties": {
        "name": "Duiven",
        "country": "The Netherlands",
        "region": "Gelderland",
        "elevation_m": null,
        "population": 25469,
        "feature_type": "populated place",
        "geoname_id": 2756507
      }
    },
    {
      "type": "Feature",
      "geometry": {
        "type": "Point",
        "coordinates": [
          4.93889,
          51.62667
        ]
      },
      "properties": {
        "name": "Dongen",
        "country": "The Netherlands",
        "region": "North Brabant",
        "elevation_m": null,
        "population": 25464,
        "feature_type": "populated place",
        "geoname_id": 2756723
      }
    },
    {
      "type": "Feature",
      "geometry": {
        "type": "Point",
        "coordinates": [
          4.40278,
          52.14583
        ]
      },
      "properties": {
        "name": "Wassenaar",
        "country": "The Netherlands",
        "region": "South Holland",
        "elevation_m": null,
        "population": 25353,
        "feature_type": "populated place",
        "geoname_id": 2744991
      }
    },
    {
      "type": "Feature",
      "geometry": {
        "type": "Point",
        "coordinates": [
          5.54861,
          51.61667
        ]
      },
      "properties": {
        "name": "Veghel",
        "country": "The Netherlands",
        "region": "North Brabant",
        "elevation_m": null,
        "population": 25352,
        "feature_type": "populated place",
        "geoname_id": 2745726
      }
    },
    {
      "type": "Feature",
      "geometry": {
        "type": "Point",
        "coordinates": [
          6.59306,
          52.35917
        ]
      },
      "properties": {
        "name": "Wierden",
        "country": "The Netherlands",
        "region": "Overijssel",
        "elevation_m": null,
        "population": 25342,
        "feature_type": "populated place",
        "geoname_id": 2744549
      }
    },
    {
      "type": "Feature",
      "geometry": {
        "type": "Point",
        "coordinates": [
          4.65139,
          52.045
        ]
      },
      "properties": {
        "name": "Waddinxveen",
        "country": "The Netherlands",
        "region": "South Holland",
        "elevation_m": null,
        "population": 25338,
        "feature_type": "populated place",
        "geoname_id": 2745096
      }
    },
    {
      "type": "Feature",
      "geometry": {
        "type": "Point",
        "coordinates": [
          4.54533,
          51.95951
        ]
      },
      "properties": {
        "name": "Ommoord",
        "country": "The Netherlands",
        "region": "South Holland",
        "elevation_m": null,
        "population": 25150,
        "feature_type": "section of populated place",
        "geoname_id": 2749604
      }
    },
    {
      "type": "Feature",
      "geometry": {
        "type": "Point",
        "coordinates": [
          5.2875,
          51.65333
        ]
      },
      "properties": {
        "name": "Vught",
        "country": "The Netherlands",
        "region": "North Brabant",
        "elevation_m": null,
        "population": 25043,
        "feature_type": "populated place",
        "geoname_id": 2745154
      }
    },
    {
      "type": "Feature",
      "geometry": {
        "type": "Point",
        "coordinates": [
          5.92528,
          50.92387
        ]
      },
      "properties": {
        "name": "Hoensbroek",
        "country": "The Netherlands",
        "region": "Limburg",
        "elevation_m": null,
        "population": 25000,
        "feature_type": "populated place",
        "geoname_id": 2753996
      }
    },
    {
      "type": "Feature",
      "geometry": {
        "type": "Point",
        "coordinates": [
          6.46806,
          52.36
        ]
      },
      "properties": {
        "name": "Nijverdal",
        "country": "The Netherlands",
        "region": "Overijssel",
        "elevation_m": null,
        "population": 25000,
        "feature_type": "populated place",
        "geoname_id": 2750039
      }
    },
    {
      "type": "Feature",
      "geometry": {
        "type": "Point",
        "coordinates": [
          5.2875,
          52.21167
        ]
      },
      "properties": {
        "name": "Baarn",
        "country": "The Netherlands",
        "region": "Utrecht",
        "elevation_m": null,
        "population": 24584,
        "feature_type": "populated place",
        "geoname_id": 2759544
      }
    },
    {
      "type": "Feature",
      "geometry": {
        "type": "Point",
        "coordinates": [
          4.44474,
          52.234
        ]
      },
      "properties": {
        "name": "Noordwijk-Binnen",
        "country": "The Netherlands",
        "region": "South Holland",
        "elevation_m": null,
        "population": 24363,
        "feature_type": "populated place",
        "geoname_id": 2749812
      }
    },
    {
      "type": "Feature",
      "geometry": {
        "type": "Point",
        "coordinates": [
          4.96256,
          52.33964
        ]
      },
      "properties": {
        "name": "Diemen",
        "country": "The Netherlands",
        "region": "North Holland",
        "elevation_m": null,
        "population": 24361,
        "feature_type": "populated place",
        "geoname_id": 2756888
      }
    },
    {
      "type": "Feature",
      "geometry": {
        "type": "Point",
        "coordinates": [
          4.74306,
          52.46833
        ]
      },
      "properties": {
        "name": "Assendelft",
        "country": "The Netherlands",
        "region": "North Holland",
        "elevation_m": null,
        "population": 24230,
        "feature_type": "populated place",
        "geoname_id": 2759631
      }
    },
    {
      "type": "Feature",
      "geometry": {
        "type": "Point",
        "coordinates": [
          4.68815,
          52.60252
        ]
      },
      "properties": {
        "name": "Heiloo",
        "country": "The Netherlands",
        "region": "North Holland",
        "elevation_m": null,
        "population": 24144,
        "feature_type": "seat of a second-order administrative division",
        "geoname_id": 2754516
      }
    },
    {
      "type": "Feature",
      "geometry": {
        "type": "Point",
        "coordinates": [
          6.73889,
          52.15667
        ]
      },
      "properties": {
        "name": "Haaksbergen",
        "country": "The Netherlands",
        "region": "Overijssel",
        "elevation_m": null,
        "population": 24137,
        "feature_type": "populated place",
        "geoname_id": 2755030
      }
    },
    {
      "type": "Feature",
      "geometry": {
        "type": "Point",
        "coordinates": [
          6.7482,
          52.30136
        ]
      },
      "properties": {
        "name": "Borne",
        "country": "The Netherlands",
        "region": "Overijssel",
        "elevation_m": null,
        "population": 23877,
        "feature_type": "seat of a second-order administrative division",
        "geoname_id": 2758598
      }
    },
    {
      "type": "Feature",
      "geometry": {
        "type": "Point",
        "coordinates": [
          4.77639,
          51.82083
        ]
      },
      "properties": {
        "name": "Sliedrecht",
        "country": "The Netherlands",
        "region": "South Holland",
        "elevation_m": null,
        "population": 23854,
        "feature_type": "populated place",
        "geoname_id": 2747169
      }
    },
    {
      "type": "Feature",
      "geometry": {
        "type": "Point",
        "coordinates": [
          4.31944,
          51.58417
        ]
      },
      "properties": {
        "name": "Steenbergen",
        "country": "The Netherlands",
        "region": "North Brabant",
        "elevation_m": null,
        "population": 23582,
        "feature_type": "populated place",
        "geoname_id": 2746804
      }
    },
    {
      "type": "Feature",
      "geometry": {
        "type": "Point",
        "coordinates": [
          4.4125,
          51.82417
        ]
      },
      "properties": {
        "name": "Oud-Beijerland",
        "country": "The Netherlands",
        "region": "South Holland",
        "elevation_m": null,
        "population": 23569,
        "feature_type": "populated place",
        "geoname_id": 2749182
      }
    },
    {
      "type": "Feature",
      "geometry": {
        "type": "Point",
        "coordinates": [
          5.20139,
          52.13
        ]
      },
      "properties": {
        "name": "Bilthoven",
        "country": "The Netherlands",
        "region": "Utrecht",
        "elevation_m": null,
        "population": 23248,
        "feature_type": "populated place",
        "geoname_id": 2758927
      }
    },
    {
      "type": "Feature",
      "geometry": {
        "type": "Point",
        "coordinates": [
          5.43194,
          51.6225
        ]
      },
      "properties": {
        "name": "Schijndel",
        "country": "The Netherlands",
        "region": "North Brabant",
        "elevation_m": null,
        "population": 23239,
        "feature_type": "populated place",
        "geoname_id": 2747584
      }
    },
    {
      "type": "Feature",
      "geometry": {
        "type": "Point",
        "coordinates": [
          5.55278,
          51.47
        ]
      },
      "properties": {
        "name": "Nuenen",
        "country": "The Netherlands",
        "region": "North Brabant",
        "elevation_m": null,
        "population": 23223,
        "feature_type": "populated place",
        "geoname_id": 2749780
      }
    },
    {
      "type": "Feature",
      "geometry": {
        "type": "Point",
        "coordinates": [
          5.60694,
          52.25917
        ]
      },
      "properties": {
        "name": "Putten",
        "country": "The Netherlands",
        "region": "Gelderland",
        "elevation_m": null,
        "population": 23168,
        "feature_type": "populated place",
        "geoname_id": 2748392
      }
    },
    {
      "type": "Feature",
      "geometry": {
        "type": "Point",
        "coordinates": [
          5.075,
          51.6275
        ]
      },
      "properties": {
        "name": "Loon op Zand",
        "country": "The Netherlands",
        "region": "North Brabant",
        "elevation_m": null,
        "population": 23000,
        "feature_type": "populated place",
        "geoname_id": 2751456
      }
    },
    {
      "type": "Feature",
      "geometry": {
        "type": "Point",
        "coordinates": [
          4.27557,
          52.10461
        ]
      },
      "properties": {
        "name": "Scheveningen",
        "country": "The Netherlands",
        "region": "South Holland",
        "elevation_m": null,
        "population": 23000,
        "feature_type": "populated place",
        "geoname_id": 2747599
      }
    },
    {
      "type": "Feature",
      "geometry": {
        "type": "Point",
        "coordinates": [
          4.75972,
          52.25917
        ]
      },
      "properties": {
        "name": "Aalsmeer",
        "country": "The Netherlands",
        "region": "North Holland",
        "elevation_m": null,
        "population": 22991,
        "feature_type": "populated place",
        "geoname_id": 2760134
      }
    },
    {
      "type": "Feature",
      "geometry": {
        "type": "Point",
        "coordinates": [
          5.06667,
          51.52083
        ]
      },
      "properties": {
        "name": "Goirle",
        "country": "The Netherlands",
        "region": "North Brabant",
        "elevation_m": null,
        "population": 22646,
        "feature_type": "populated place",
        "geoname_id": 2755464
      }
    },
    {
      "type": "Feature",
      "geometry": {
        "type": "Point",
        "coordinates": [
          4.44861,
          52.1275
        ]
      },
      "properties": {
        "name": "Voorschoten",
        "country": "The Netherlands",
        "region": "South Holland",
        "elevation_m": null,
        "population": 22468,
        "feature_type": "populated place",
        "geoname_id": 2745301
      }
    },
    {
      "type": "Feature",
      "geometry": {
        "type": "Point",
        "coordinates": [
          7.00417,
          52.26083
        ]
      },
      "properties": {
        "name": "Losser",
        "country": "The Netherlands",
        "region": "Overijssel",
        "elevation_m": null,
        "population": 22431,
        "feature_type": "populated place",
        "geoname_id": 2751424
      }
    },
    {
      "type": "Feature",
      "geometry": {
        "type": "Point",
        "coordinates": [
          4.55694,
          52.26
        ]
      },
      "properties": {
        "name": "Lisse",
        "country": "The Netherlands",
        "region": "South Holland",
        "elevation_m": null,
        "population": 22321,
        "feature_type": "populated place",
        "geoname_id": 2751547
      }
    },
    {
      "type": "Feature",
      "geometry": {
        "type": "Point",
        "coordinates": [
          3.73472,
          51.42333
        ]
      },
      "properties": {
        "name": "Borssele",
        "country": "The Netherlands",
        "region": "Zeeland",
        "elevation_m": null,
        "population": 22285,
        "feature_type": "populated place",
        "geoname_id": 2758587
      }
    },
    {
      "type": "Feature",
      "geometry": {
        "type": "Point",
        "coordinates": [
          5.60139,
          52.6625
        ]
      },
      "properties": {
        "name": "Urk",
        "country": "The Netherlands",
        "region": "Flevoland",
        "elevation_m": null,
        "population": 22173,
        "feature_type": "populated place",
        "geoname_id": 2745932
      }
    },
    {
      "type": "Feature",
      "geometry": {
        "type": "Point",
        "coordinates": [
          5.03611,
          52.08167
        ]
      },
      "properties": {
        "name": "De Meern",
        "country": "The Netherlands",
        "region": "Utrecht",
        "elevation_m": null,
        "population": 22116,
        "feature_type": "populated place",
        "geoname_id": 2757295
      }
    },
    {
      "type": "Feature",
      "geometry": {
        "type": "Point",
        "coordinates": [
          5.07083,
          52.495
        ]
      },
      "properties": {
        "name": "Volendam",
        "country": "The Netherlands",
        "region": "North Holland",
        "elevation_m": null,
        "population": 22000,
        "feature_type": "populated place",
        "geoname_id": 2745340
      }
    },
    {
      "type": "Feature",
      "geometry": {
        "type": "Point",
        "coordinates": [
          4.13333,
          51.83333
        ]
      },
      "properties": {
        "name": "Hellevoetsluis",
        "country": "The Netherlands",
        "region": "South Holland",
        "elevation_m": null,
        "population": 21927,
        "feature_type": "populated place",
        "geoname_id": 2754454
      }
    },
    {
      "type": "Feature",
      "geometry": {
        "type": "Point",
        "coordinates": [
          5.84306,
          52.4475
        ]
      },
      "properties": {
        "name": "Elburg",
        "country": "The Netherlands",
        "region": "Gelderland",
        "elevation_m": null,
        "population": 21844,
        "feature_type": "populated place",
        "geoname_id": 2756232
      }
    },
    {
      "type": "Feature",
      "geometry": {
        "type": "Point",
        "coordinates": [
          6.76111,
          53.16167
        ]
      },
      "properties": {
        "name": "Hoogezand",
        "country": "The Netherlands",
        "region": "Groningen",
        "elevation_m": null,
        "population": 21480,
        "feature_type": "populated place",
        "geoname_id": 2753706
      }
    },
    {
      "type": "Feature",
      "geometry": {
        "type": "Point",
        "coordinates": [
          6.15556,
          52.09
        ]
      },
      "properties": {
        "name": "Brummen",
        "country": "The Netherlands",
        "region": "Gelderland",
        "elevation_m": null,
        "population": 21344,
        "feature_type": "populated place",
        "geoname_id": 2758177
      }
    },
    {
      "type": "Feature",
      "geometry": {
        "type": "Point",
        "coordinates": [
          4.46944,
          52.18
        ]
      },
      "properties": {
        "name": "Oegstgeest",
        "country": "The Netherlands",
        "region": "South Holland",
        "elevation_m": null,
        "population": 21149,
        "feature_type": "populated place",
        "geoname_id": 2749723
      }
    },
    {
      "type": "Feature",
      "geometry": {
        "type": "Point",
        "coordinates": [
          4.63889,
          51.84417
        ]
      },
      "properties": {
        "name": "Hendrik-Ido-Ambacht",
        "country": "The Netherlands",
        "region": "South Holland",
        "elevation_m": null,
        "population": 21027,
        "feature_type": "populated place",
        "geoname_id": 2754408
      }
    },
    {
      "type": "Feature",
      "geometry": {
        "type": "Point",
        "coordinates": [
          4.85694,
          51.70167
        ]
      },
      "properties": {
        "name": "Geertruidenberg",
        "country": "The Netherlands",
        "region": "North Brabant",
        "elevation_m": null,
        "population": 20941,
        "feature_type": "populated place",
        "geoname_id": 2755669
      }
    },
    {
      "type": "Feature",
      "geometry": {
        "type": "Point",
        "coordinates": [
          5.09167,
          51.89333
        ]
      },
      "properties": {
        "name": "Leerdam",
        "country": "The Netherlands",
        "region": "Utrecht",
        "elevation_m": null,
        "population": 20758,
        "feature_type": "populated place",
        "geoname_id": 2751808
      }
    },
    {
      "type": "Feature",
      "geometry": {
        "type": "Point",
        "coordinates": [
          5.84167,
          51.91917
        ]
      },
      "properties": {
        "name": "Elst",
        "country": "The Netherlands",
        "region": "Gelderland",
        "elevation_m": null,
        "population": 20488,
        "feature_type": "populated place",
        "geoname_id": 2756161
      }
    },
    {
      "type": "Feature",
      "geometry": {
        "type": "Point",
        "coordinates": [
          6.78472,
          52.4075
        ]
      },
      "properties": {
        "name": "Tubbergen",
        "country": "The Netherlands",
        "region": "Overijssel",
        "elevation_m": null,
        "population": 20334,
        "feature_type": "populated place",
        "geoname_id": 2746133
      }
    },
    {
      "type": "Feature",
      "geometry": {
        "type": "Point",
        "coordinates": [
          6.13611,
          51.34417
        ]
      },
      "properties": {
        "name": "Tegelen",
        "country": "The Netherlands",
        "region": "Limburg",
        "elevation_m": null,
        "population": 20190,
        "feature_type": "populated place",
        "geoname_id": 2746504
      }
    },
    {
      "type": "Feature",
      "geometry": {
        "type": "Point",
        "coordinates": [
          4.47865,
          51.99313
        ]
      },
      "properties": {
        "name": "Berkel en Rodenrijs",
        "country": "The Netherlands",
        "region": "South Holland",
        "elevation_m": null,
        "population": 20189,
        "feature_type": "populated place",
        "geoname_id": 6929992
      }
    },
    {
      "type": "Feature",
      "geometry": {
        "type": "Point",
        "coordinates": [
          6.275,
          52.38583
        ]
      },
      "properties": {
        "name": "Raalte",
        "country": "The Netherlands",
        "region": "Overijssel",
        "elevation_m": null,
        "population": 20015,
        "feature_type": "populated place",
        "geoname_id": 2748371
      }
    },
    {
      "type": "Feature",
      "geometry": {
        "type": "Point",
        "coordinates": [
          4.39861,
          52.20333
        ]
      },
      "properties": {
        "name": "Katwijk aan Zee",
        "country": "The Netherlands",
        "region": "South Holland",
        "elevation_m": null,
        "population": 20010,
        "feature_type": "populated place",
        "geoname_id": 2753010
      }
    },
    {
      "type": "Feature",
      "geometry": {
        "type": "Point",
        "coordinates": [
          6.9504,
          52.98947
        ]
      },
      "properties": {
        "name": "Stadskanaal",
        "country": "The Netherlands",
        "region": "Groningen",
        "elevation_m": null,
        "population": 20000,
        "feature_type": "populated place",
        "geoname_id": 2746860
      }
    },
    {
      "type": "Feature",
      "geometry": {
        "type": "Point",
        "coordinates": [
          5.58889,
          51.30417
        ]
      },
      "properties": {
        "name": "Cranendonck",
        "country": "The Netherlands",
        "region": "North Brabant",
        "elevation_m": null,
        "population": 19966,
        "feature_type": "populated place",
        "geoname_id": 2757890
      }
    },
    {
      "type": "Feature",
      "geometry": {
        "type": "Point",
        "coordinates": [
          5.09167,
          51.9925
        ]
      },
      "properties": {
        "name": "Vianen",
        "country": "The Netherlands",
        "region": "Utrecht",
        "elevation_m": null,
        "population": 19931,
        "feature_type": "populated place",
        "geoname_id": 2745580
      }
    },
    {
      "type": "Feature",
      "geometry": {
        "type": "Point",
        "coordinates": [
          4.79861,
          52.7875
        ]
      },
      "properties": {
        "name": "Schagen",
        "country": "The Netherlands",
        "region": "North Holland",
        "elevation_m": null,
        "population": 19890,
        "feature_type": "populated place",
        "geoname_id": 2747720
      }
    },
    {
      "type": "Feature",
      "geometry": {
        "type": "Point",
        "coordinates": [
          5.93333,
          51.93833
        ]
      },
      "properties": {
        "name": "Huissen",
        "country": "The Netherlands",
        "region": "Gelderland",
        "elevation_m": 11,
        "population": 19725,
        "feature_type": "populated place",
        "geoname_id": 2753504
      }
    },
    {
      "type": "Feature",
      "geometry": {
        "type": "Point",
        "coordinates": [
          5.51978,
          51.44889
        ]
      },
      "properties": {
        "name": "Tongelre",
        "country": "The Netherlands",
        "region": "North Brabant",
        "elevation_m": null,
        "population": 19680,
        "feature_type": "section of populated place",
        "geoname_id": 2746215
      }
    },
    {
      "type": "Feature",
      "geometry": {
        "type": "Point",
        "coordinates": [
          6.37639,
          53.1625
        ]
      },
      "properties": {
        "name": "Leek",
        "country": "The Netherlands",
        "region": "Groningen",
        "elevation_m": null,
        "population": 19651,
        "feature_type": "populated place",
        "geoname_id": 2751834
      }
    },
    {
      "type": "Feature",
      "geometry": {
        "type": "Point",
        "coordinates": [
          6.56667,
          51.98667
        ]
      },
      "properties": {
        "name": "Lichtenvoorde",
        "country": "The Netherlands",
        "region": "Gelderland",
        "elevation_m": null,
        "population": 19590,
        "feature_type": "populated place",
        "geoname_id": 2751651
      }
    },
    {
      "type": "Feature",
      "geometry": {
        "type": "Point",
        "coordinates": [
          6.41705,
          51.92648
        ]
      },
      "properties": {
        "name": "Wisch",
        "country": "The Netherlands",
        "region": "Gelderland",
        "elevation_m": null,
        "population": 19496,
        "feature_type": "populated place",
        "geoname_id": 2744324
      }
    },
    {
      "type": "Feature",
      "geometry": {
        "type": "Point",
        "coordinates": [
          5.78611,
          52.37917
        ]
      },
      "properties": {
        "name": "Nunspeet",
        "country": "The Netherlands",
        "region": "Gelderland",
        "elevation_m": null,
        "population": 19496,
        "feature_type": "populated place",
        "geoname_id": 2749756
      }
    },
    {
      "type": "Feature",
      "geometry": {
        "type": "Point",
        "coordinates": [
          4.75,
          52.0825
        ]
      },
      "properties": {
        "name": "Bodegraven",
        "country": "The Netherlands",
        "region": "South Holland",
        "elevation_m": null,
        "population": 19395,
        "feature_type": "populated place",
        "geoname_id": 2758765
      }
    },
    {
      "type": "Feature",
      "geometry": {
        "type": "Point",
        "coordinates": [
          4.16528,
          52.00167
        ]
      },
      "properties": {
        "name": "'s-Gravenzande",
        "country": "The Netherlands",
        "region": "South Holland",
        "elevation_m": null,
        "population": 19190,
        "feature_type": "populated place",
        "geoname_id": 2747364
      }
    },
    {
      "type": "Feature",
      "geometry": {
        "type": "Point",
        "coordinates": [
          6.58056,
          51.925
        ]
      },
      "properties": {
        "name": "Aalten",
        "country": "The Netherlands",
        "region": "Gelderland",
        "elevation_m": null,
        "population": 19141,
        "feature_type": "populated place",
        "geoname_id": 2760123
      }
    },
    {
      "type": "Feature",
      "geometry": {
        "type": "Point",
        "coordinates": [
          5.54167,
          52.33
        ]
      },
      "properties": {
        "name": "Zeewolde",
        "country": "The Netherlands",
        "region": "Flevoland",
        "elevation_m": null,
        "population": 19022,
        "feature_type": "populated place",
        "geoname_id": 2743997
      }
    },
    {
      "type": "Feature",
      "geometry": {
        "type": "Point",
        "coordinates": [
          4.39583,
          52.045
        ]
      },
      "properties": {
        "name": "Nootdorp",
        "country": "The Netherlands",
        "region": "South Holland",
        "elevation_m": null,
        "population": 19020,
        "feature_type": "populated place",
        "geoname_id": 2749800
      }
    },
    {
      "type": "Feature",
      "geometry": {
        "type": "Point",
        "coordinates": [
          4.54444,
          52.0775
        ]
      },
      "properties": {
        "name": "Benthuizen",
        "country": "The Netherlands",
        "region": "South Holland",
        "elevation_m": null,
        "population": 18959,
        "feature_type": "populated place",
        "geoname_id": 2759178
      }
    },
    {
      "type": "Feature",
      "geometry": {
        "type": "Point",
        "coordinates": [
          5.93611,
          51.77667
        ]
      },
      "properties": {
        "name": "Groesbeek",
        "country": "The Netherlands",
        "region": "Gelderland",
        "elevation_m": null,
        "population": 18741,
        "feature_type": "populated place",
        "geoname_id": 2755272
      }
    },
    {
      "type": "Feature",
      "geometry": {
        "type": "Point",
        "coordinates": [
          4.42946,
          52.01954
        ]
      },
      "properties": {
        "name": "Pijnacker",
        "country": "The Netherlands",
        "region": "South Holland",
        "elevation_m": null,
        "population": 18695,
        "feature_type": "populated place",
        "geoname_id": 2748591
      }
    },
    {
      "type": "Feature",
      "geometry": {
        "type": "Point",
        "coordinates": [
          5.28056,
          52.05333
        ]
      },
      "properties": {
        "name": "Driebergen-Rijsenburg",
        "country": "The Netherlands",
        "region": "Utrecht",
        "elevation_m": null,
        "population": 18553,
        "feature_type": "populated place",
        "geoname_id": 2756619
      }
    },
    {
      "type": "Feature",
      "geometry": {
        "type": "Point",
        "coordinates": [
          7.03472,
          53.14417
        ]
      },
      "properties": {
        "name": "Winschoten",
        "country": "The Netherlands",
        "region": "Groningen",
        "elevation_m": null,
        "population": 18506,
        "feature_type": "populated place",
        "geoname_id": 2744344
      }
    },
    {
      "type": "Feature",
      "geometry": {
        "type": "Point",
        "coordinates": [
          4.58333,
          52.29083
        ]
      },
      "properties": {
        "name": "Hillegom",
        "country": "The Netherlands",
        "region": "South Holland",
        "elevation_m": null,
        "population": 18419,
        "feature_type": "populated place",
        "geoname_id": 2754073
      }
    },
    {
      "type": "Feature",
      "geometry": {
        "type": "Point",
        "coordinates": [
          4.66111,
          51.86583
        ]
      },
      "properties": {
        "name": "Alblasserdam",
        "country": "The Netherlands",
        "region": "South Holland",
        "elevation_m": null,
        "population": 18348,
        "feature_type": "populated place",
        "geoname_id": 2759915
      }
    },
    {
      "type": "Feature",
      "geometry": {
        "type": "Point",
        "coordinates": [
          4.42222,
          51.8575
        ]
      },
      "properties": {
        "name": "Rhoon",
        "country": "The Netherlands",
        "region": "South Holland",
        "elevation_m": null,
        "population": 18250,
        "feature_type": "populated place",
        "geoname_id": 2748178
      }
    },
    {
      "type": "Feature",
      "geometry": {
        "type": "Point",
        "coordinates": [
          5.31806,
          51.3575
        ]
      },
      "properties": {
        "name": "Eersel",
        "country": "The Netherlands",
        "region": "North Brabant",
        "elevation_m": null,
        "population": 18185,
        "feature_type": "populated place",
        "geoname_id": 2756342
      }
    },
    {
      "type": "Feature",
      "geometry": {
        "type": "Point",
        "coordinates": [
          5.35833,
          51.31917
        ]
      },
      "properties": {
        "name": "Bergeijk",
        "country": "The Netherlands",
        "region": "North Brabant",
        "elevation_m": null,
        "population": 18181,
        "feature_type": "populated place",
        "geoname_id": 2759132
      }
    },
    {
      "type": "Feature",
      "geometry": {
        "type": "Point",
        "coordinates": [
          5.56806,
          51.95917
        ]
      },
      "properties": {
        "name": "Rhenen",
        "country": "The Netherlands",
        "region": "Utrecht",
        "elevation_m": null,
        "population": 18061,
        "feature_type": "populated place",
        "geoname_id": 2748185
      }
    },
    {
      "type": "Feature",
      "geometry": {
        "type": "Point",
        "coordinates": [
          6.13194,
          51.94083
        ]
      },
      "properties": {
        "name": "Didam",
        "country": "The Netherlands",
        "region": "Gelderland",
        "elevation_m": null,
        "population": 17812,
        "feature_type": "populated place",
        "geoname_id": 2756896
      }
    },
    {
      "type": "Feature",
      "geometry": {
        "type": "Point",
        "coordinates": [
          5.04167,
          52.3075
        ]
      },
      "properties": {
        "name": "Weesp",
        "country": "The Netherlands",
        "region": "North Holland",
        "elevation_m": null,
        "population": 17802,
        "feature_type": "populated place",
        "geoname_id": 2744904
      }
    },
    {
      "type": "Feature",
      "geometry": {
        "type": "Point",
        "coordinates": [
          4.20972,
          51.99417
        ]
      },
      "properties": {
        "name": "Naaldwijk",
        "country": "The Netherlands",
        "region": "South Holland",
        "elevation_m": null,
        "population": 17753,
        "feature_type": "populated place",
        "geoname_id": 2750523
      }
    },
    {
      "type": "Feature",
      "geometry": {
        "type": "Point",
        "coordinates": [
          5.97361,
          51.995
        ]
      },
      "properties": {
        "name": "Velp",
        "country": "The Netherlands",
        "region": "Gelderland",
        "elevation_m": null,
        "population": 17669,
        "feature_type": "populated place",
        "geoname_id": 2745677
      }
    },
    {
      "type": "Feature",
      "geometry": {
        "type": "Point",
        "coordinates": [
          4.16528,
          51.7575
        ]
      },
      "properties": {
        "name": "Middelharnis",
        "country": "The Netherlands",
        "region": "South Holland",
        "elevation_m": null,
        "population": 17554,
        "feature_type": "populated place",
        "geoname_id": 2750884
      }
    },
    {
      "type": "Feature",
      "geometry": {
        "type": "Point",
        "coordinates": [
          5.34167,
          51.97417
        ]
      },
      "properties": {
        "name": "Wijk bij Duurstede",
        "country": "The Netherlands",
        "region": "Utrecht",
        "elevation_m": null,
        "population": 17465,
        "feature_type": "populated place",
        "geoname_id": 2744483
      }
    },
    {
      "type": "Feature",
      "geometry": {
        "type": "Point",
        "coordinates": [
          5.29167,
          52.70333
        ]
      },
      "properties": {
        "name": "Enkhuizen",
        "country": "The Netherlands",
        "region": "North Holland",
        "elevation_m": null,
        "population": 17365,
        "feature_type": "populated place",
        "geoname_id": 2756077
      }
    },
    {
      "type": "Feature",
      "geometry": {
        "type": "Point",
        "coordinates": [
          6.12083,
          52.7875
        ]
      },
      "properties": {
        "name": "Steenwijk",
        "country": "The Netherlands",
        "region": "Overijssel",
        "elevation_m": null,
        "population": 17138,
        "feature_type": "populated place",
        "geoname_id": 2746766
      }
    },
    {
      "type": "Feature",
      "geometry": {
        "type": "Point",
        "coordinates": [
          5.1625,
          52.29583
        ]
      },
      "properties": {
        "name": "Naarden",
        "country": "The Netherlands",
        "region": "North Holland",
        "elevation_m": null,
        "population": 17115,
        "feature_type": "populated place",
        "geoname_id": 2750521
      }
    },
    {
      "type": "Feature",
      "geometry": {
        "type": "Point",
        "coordinates": [
          5.45972,
          51.5675
        ]
      },
      "properties": {
        "name": "Sint-Oedenrode",
        "country": "The Netherlands",
        "region": "North Brabant",
        "elevation_m": null,
        "population": 16931,
        "feature_type": "populated place",
        "geoname_id": 2747227
      }
    },
    {
      "type": "Feature",
      "geometry": {
        "type": "Point",
        "coordinates": [
          4.53306,
          52.37125
        ]
      },
      "properties": {
        "name": "Zandvoort",
        "country": "The Netherlands",
        "region": "North Holland",
        "elevation_m": null,
        "population": 16868,
        "feature_type": "populated place",
        "geoname_id": 2744042
      }
    },
    {
      "type": "Feature",
      "geometry": {
        "type": "Point",
        "coordinates": [
          6.56804,
          53.23235
        ]
      },
      "properties": {
        "name": "Korrewegwijk",
        "country": "The Netherlands",
        "region": "Groningen",
        "elevation_m": null,
        "population": 16710,
        "feature_type": "section of populated place",
        "geoname_id": 2752420
      }
    },
    {
      "type": "Feature",
      "geometry": {
        "type": "Point",
        "coordinates": [
          5.97361,
          51.69833
        ]
      },
      "properties": {
        "name": "Gennep",
        "country": "The Netherlands",
        "region": "Limburg",
        "elevation_m": null,
        "population": 16642,
        "feature_type": "populated place",
        "geoname_id": 2755584
      }
    },
    {
      "type": "Feature",
      "geometry": {
        "type": "Point",
        "coordinates": [
          4.49861,
          51.99
        ]
      },
      "properties": {
        "name": "Bergschenhoek",
        "country": "The Netherlands",
        "region": "South Holland",
        "elevation_m": null,
        "population": 16579,
        "feature_type": "populated place",
        "geoname_id": 2759113
      }
    },
    {
      "type": "Feature",
      "geometry": {
        "type": "Point",
        "coordinates": [
          4.50885,
          52.17655
        ]
      },
      "properties": {
        "name": "Merenwijk",
        "country": "The Netherlands",
        "region": "South Holland",
        "elevation_m": null,
        "population": 16500,
        "feature_type": "section of populated place",
        "geoname_id": 2750939
      }
    },
    {
      "type": "Feature",
      "geometry": {
        "type": "Point",
        "coordinates": [
          6.64861,
          52.1
        ]
      },
      "properties": {
        "name": "Eibergen",
        "country": "The Netherlands",
        "region": "Gelderland",
        "elevation_m": null,
        "population": 16493,
        "feature_type": "populated place",
        "geoname_id": 2756295
      }
    },
    {
      "type": "Feature",
      "geometry": {
        "type": "Point",
        "coordinates": [
          4.47124,
          51.95838
        ]
      },
      "properties": {
        "name": "Schiebroek",
        "country": "The Netherlands",
        "region": "South Holland",
        "elevation_m": null,
        "population": 16305,
        "feature_type": "section of populated place",
        "geoname_id": 2747597
      }
    },
    {
      "type": "Feature",
      "geometry": {
        "type": "Point",
        "coordinates": [
          4.91944,
          51.59083
        ]
      },
      "properties": {
        "name": "Rijen",
        "country": "The Netherlands",
        "region": "North Brabant",
        "elevation_m": null,
        "population": 16230,
        "feature_type": "populated place",
        "geoname_id": 2748130
      }
    },
    {
      "type": "Feature",
      "geometry": {
        "type": "Point",
        "coordinates": [
          5.30194,
          51.72611
        ]
      },
      "properties": {
        "name": "Maaspoort",
        "country": "The Netherlands",
        "region": "North Brabant",
        "elevation_m": null,
        "population": 16150,
        "feature_type": "section of populated place",
        "geoname_id": 13535632
      }
    },
    {
      "type": "Feature",
      "geometry": {
        "type": "Point",
        "coordinates": [
          5.7934,
          51.8327
        ]
      },
      "properties": {
        "name": "Lindenholt",
        "country": "The Netherlands",
        "region": "Gelderland",
        "elevation_m": null,
        "population": 16121,
        "feature_type": "section of populated place",
        "geoname_id": 2751582
      }
    },
    {
      "type": "Feature",
      "geometry": {
        "type": "Point",
        "coordinates": [
          5.42244,
          53.17477
        ]
      },
      "properties": {
        "name": "Harlingen",
        "country": "The Netherlands",
        "region": "Friesland",
        "elevation_m": null,
        "population": 16119,
        "feature_type": "populated place",
        "geoname_id": 2754817
      }
    },
    {
      "type": "Feature",
      "geometry": {
        "type": "Point",
        "coordinates": [
          4.7915,
          51.60794
        ]
      },
      "properties": {
        "name": "Hoge Vucht",
        "country": "The Netherlands",
        "region": "North Brabant",
        "elevation_m": null,
        "population": 16000,
        "feature_type": "section of populated place",
        "geoname_id": 2753955
      }
    },
    {
      "type": "Feature",
      "geometry": {
        "type": "Point",
        "coordinates": [
          5.69028,
          51.55583
        ]
      },
      "properties": {
        "name": "Gemert",
        "country": "The Netherlands",
        "region": "North Brabant",
        "elevation_m": null,
        "population": 15995,
        "feature_type": "populated place",
        "geoname_id": 2755605
      }
    },
    {
      "type": "Feature",
      "geometry": {
        "type": "Point",
        "coordinates": [
          6.14861,
          51.37167
        ]
      },
      "properties": {
        "name": "Blerick",
        "country": "The Netherlands",
        "region": "Limburg",
        "elevation_m": null,
        "population": 15820,
        "feature_type": "populated place",
        "geoname_id": 2758831
      }
    },
    {
      "type": "Feature",
      "geometry": {
        "type": "Point",
        "coordinates": [
          6.21111,
          52.645
        ]
      },
      "properties": {
        "name": "Staphorst",
        "country": "The Netherlands",
        "region": "Overijssel",
        "elevation_m": null,
        "population": 15765,
        "feature_type": "populated place",
        "geoname_id": 2746839
      }
    },
    {
      "type": "Feature",
      "geometry": {
        "type": "Point",
        "coordinates": [
          4.52222,
          52.225
        ]
      },
      "properties": {
        "name": "Sassenheim",
        "country": "The Netherlands",
        "region": "South Holland",
        "elevation_m": null,
        "population": 15510,
        "feature_type": "populated place",
        "geoname_id": 2747751
      }
    },
    {
      "type": "Feature",
      "geometry": {
        "type": "Point",
        "coordinates": [
          4.66155,
          52.43283
        ]
      },
      "properties": {
        "name": "Velserbroek",
        "country": "The Netherlands",
        "region": "North Holland",
        "elevation_m": null,
        "population": 15420,
        "feature_type": "populated place",
        "geoname_id": 7118109
      }
    },
    {
      "type": "Feature",
      "geometry": {
        "type": "Point",
        "coordinates": [
          4.8625,
          52.20667
        ]
      },
      "properties": {
        "name": "Mijdrecht",
        "country": "The Netherlands",
        "region": "Utrecht",
        "elevation_m": null,
        "population": 15230,
        "feature_type": "populated place",
        "geoname_id": 2750815
      }
    },
    {
      "type": "Feature",
      "geometry": {
        "type": "Point",
        "coordinates": [
          4.65556,
          52.075
        ]
      },
      "properties": {
        "name": "Boskoop",
        "country": "The Netherlands",
        "region": "South Holland",
        "elevation_m": null,
        "population": 15222,
        "feature_type": "populated place",
        "geoname_id": 2758547
      }
    },
    {
      "type": "Feature",
      "geometry": {
        "type": "Point",
        "coordinates": [
          5.67639,
          51.99833
        ]
      },
      "properties": {
        "name": "Bennekom",
        "country": "The Netherlands",
        "region": "Gelderland",
        "elevation_m": null,
        "population": 15160,
        "feature_type": "populated place",
        "geoname_id": 2759197
      }
    },
    {
      "type": "Feature",
      "geometry": {
        "type": "Point",
        "coordinates": [
          4.74028,
          52.89
        ]
      },
      "properties": {
        "name": "Julianadorp",
        "country": "The Netherlands",
        "region": "North Holland",
        "elevation_m": null,
        "population": 15135,
        "feature_type": "populated place",
        "geoname_id": 2753184
      }
    },
    {
      "type": "Feature",
      "geometry": {
        "type": "Point",
        "coordinates": [
          6.103,
          52.0512
        ]
      },
      "properties": {
        "name": "Dieren",
        "country": "The Netherlands",
        "region": "Gelderland",
        "elevation_m": null,
        "population": 14842,
        "feature_type": "populated place",
        "geoname_id": 2756865
      }
    },
    {
      "type": "Feature",
      "geometry": {
        "type": "Point",
        "coordinates": [
          6.74046,
          52.66103
        ]
      },
      "properties": {
        "name": "Coevorden",
        "country": "The Netherlands",
        "region": "Drenthe",
        "elevation_m": null,
        "population": 14600,
        "feature_type": "populated place",
        "geoname_id": 2757937
      }
    },
    {
      "type": "Feature",
      "geometry": {
        "type": "Point",
        "coordinates": [
          5.64201,
          52.04442
        ]
      },
      "properties": {
        "name": "Veldhuizen",
        "country": "The Netherlands",
        "region": "Gelderland",
        "elevation_m": null,
        "population": 14585,
        "feature_type": "section of populated place",
        "geoname_id": 2745700
      }
    },
    {
      "type": "Feature",
      "geometry": {
        "type": "Point",
        "coordinates": [
          5.00139,
          52.17417
        ]
      },
      "properties": {
        "name": "Breukelen",
        "country": "The Netherlands",
        "region": "Utrecht",
        "elevation_m": null,
        "population": 14498,
        "feature_type": "populated place",
        "geoname_id": 2758333
      }
    },
    {
      "type": "Feature",
      "geometry": {
        "type": "Point",
        "coordinates": [
          4.94861,
          51.9725
        ]
      },
      "properties": {
        "name": "Lopik",
        "country": "The Netherlands",
        "region": "Utrecht",
        "elevation_m": null,
        "population": 14013,
        "feature_type": "populated place",
        "geoname_id": 2751436
      }
    },
    {
      "type": "Feature",
      "geometry": {
        "type": "Point",
        "coordinates": [
          4.52192,
          51.8738
        ]
      },
      "properties": {
        "name": "Lombardijen",
        "country": "The Netherlands",
        "region": "South Holland",
        "elevation_m": null,
        "population": 13785,
        "feature_type": "section of populated place",
        "geoname_id": 2751497
      }
    },
    {
      "type": "Feature",
      "geometry": {
        "type": "Point",
        "coordinates": [
          4.51967,
          51.88428
        ]
      },
      "properties": {
        "name": "Vreewijk",
        "country": "The Netherlands",
        "region": "South Holland",
        "elevation_m": null,
        "population": 13745,
        "feature_type": "section of populated place",
        "geoname_id": 2745193
      }
    },
    {
      "type": "Feature",
      "geometry": {
        "type": "Point",
        "coordinates": [
          4.49943,
          51.89723
        ]
      },
      "properties": {
        "name": "Bloemhof",
        "country": "The Netherlands",
        "region": "South Holland",
        "elevation_m": null,
        "population": 13715,
        "feature_type": "section of populated place",
        "geoname_id": 2758795
      }
    },
    {
      "type": "Feature",
      "geometry": {
        "type": "Point",
        "coordinates": [
          6.10278,
          52.23667
        ]
      },
      "properties": {
        "name": "Twello",
        "country": "The Netherlands",
        "region": "Gelderland",
        "elevation_m": null,
        "population": 13500,
        "feature_type": "populated place",
        "geoname_id": 2746060
      }
    },
    {
      "type": "Feature",
      "geometry": {
        "type": "Point",
        "coordinates": [
          4.53472,
          51.58833
        ]
      },
      "properties": {
        "name": "Oudenbosch",
        "country": "The Netherlands",
        "region": "North Brabant",
        "elevation_m": null,
        "population": 13380,
        "feature_type": "populated place",
        "geoname_id": 2749053
      }
    },
    {
      "type": "Feature",
      "geometry": {
        "type": "Point",
        "coordinates": [
          6.10069,
          52.53334
        ]
      },
      "properties": {
        "name": "Aalanden",
        "country": "The Netherlands",
        "region": "Overijssel",
        "elevation_m": null,
        "population": 13375,
        "feature_type": "section of populated place",
        "geoname_id": 2760146
      }
    },
    {
      "type": "Feature",
      "geometry": {
        "type": "Point",
        "coordinates": [
          6.05139,
          51.45417
        ]
      },
      "properties": {
        "name": "Horst",
        "country": "The Netherlands",
        "region": "Limburg",
        "elevation_m": null,
        "population": 13365,
        "feature_type": "populated place",
        "geoname_id": 2753591
      }
    },
    {
      "type": "Feature",
      "geometry": {
        "type": "Point",
        "coordinates": [
          5.99691,
          52.87545
        ]
      },
      "properties": {
        "name": "Wolvega",
        "country": "The Netherlands",
        "region": "Friesland",
        "elevation_m": null,
        "population": 13090,
        "feature_type": "seat of a second-order administrative division",
        "geoname_id": 2744194
      }
    },
    {
      "type": "Feature",
      "geometry": {
        "type": "Point",
        "coordinates": [
          5.80301,
          52.9657
        ]
      },
      "properties": {
        "name": "Joure",
        "country": "The Netherlands",
        "region": "Friesland",
        "elevation_m": null,
        "population": 13090,
        "feature_type": "seat of a second-order administrative division",
        "geoname_id": 2753197
      }
    },
    {
      "type": "Feature",
      "geometry": {
        "type": "Point",
        "coordinates": [
          6.45833,
          52.6
        ]
      },
      "properties": {
        "name": "Dedemsvaart",
        "country": "The Netherlands",
        "region": "Overijssel",
        "elevation_m": null,
        "population": 13090,
        "feature_type": "populated place",
        "geoname_id": 2757698
      }
    },
    {
      "type": "Feature",
      "geometry": {
        "type": "Point",
        "coordinates": [
          5.73882,
          51.75902
        ]
      },
      "properties": {
        "name": "Grave",
        "country": "The Netherlands",
        "region": "North Brabant",
        "elevation_m": null,
        "population": 12999,
        "feature_type": "populated place",
        "geoname_id": 2755358
      }
    },
    {
      "type": "Feature",
      "geometry": {
        "type": "Point",
        "coordinates": [
          5.54123,
          53.18546
        ]
      },
      "properties": {
        "name": "Franeker",
        "country": "The Netherlands",
        "region": "Friesland",
        "elevation_m": null,
        "population": 12996,
        "feature_type": "populated place",
        "geoname_id": 2755845
      }
    },
    {
      "type": "Feature",
      "geometry": {
        "type": "Point",
        "coordinates": [
          4.725,
          52.04667
        ]
      },
      "properties": {
        "name": "Reeuwijk",
        "country": "The Netherlands",
        "region": "South Holland",
        "elevation_m": null,
        "population": 12817,
        "feature_type": "populated place",
        "geoname_id": 2748280
      }
    },
    {
      "type": "Feature",
      "geometry": {
        "type": "Point",
        "coordinates": [
          5.52672,
          51.73362
        ]
      },
      "properties": {
        "name": "Heesch",
        "country": "The Netherlands",
        "region": "North Brabant",
        "elevation_m": null,
        "population": 12810,
        "feature_type": "populated place",
        "geoname_id": 2754635
      }
    },
    {
      "type": "Feature",
      "geometry": {
        "type": "Point",
        "coordinates": [
          5.96667,
          52.28583
        ]
      },
      "properties": {
        "name": "Vaassen",
        "country": "The Netherlands",
        "region": "Gelderland",
        "elevation_m": null,
        "population": 12719,
        "feature_type": "populated place",
        "geoname_id": 2745892
      }
    },
    {
      "type": "Feature",
      "geometry": {
        "type": "Point",
        "coordinates": [
          5.92901,
          52.5649
        ]
      },
      "properties": {
        "name": "IJsselmuiden",
        "country": "The Netherlands",
        "region": "Overijssel",
        "elevation_m": null,
        "population": 12670,
        "feature_type": "populated place",
        "geoname_id": 2753358
      }
    },
    {
      "type": "Feature",
      "geometry": {
        "type": "Point",
        "coordinates": [
          5.99697,
          53.32224
        ]
      },
      "properties": {
        "name": "Dokkum",
        "country": "The Netherlands",
        "region": "Friesland",
        "elevation_m": null,
        "population": 12669,
        "feature_type": "seat of a second-order administrative division",
        "geoname_id": 2756759
      }
    },
    {
      "type": "Feature",
      "geometry": {
        "type": "Point",
        "coordinates": [
          5.07079,
          51.54954
        ]
      },
      "properties": {
        "name": "Korvel",
        "country": "The Netherlands",
        "region": "North Brabant",
        "elevation_m": null,
        "population": 12520,
        "feature_type": "section of populated place",
        "geoname_id": 2752389
      }
    },
    {
      "type": "Feature",
      "geometry": {
        "type": "Point",
        "coordinates": [
          5.62222,
          52.085
        ]
      },
      "properties": {
        "name": "Lunteren",
        "country": "The Netherlands",
        "region": "Gelderland",
        "elevation_m": null,
        "population": 12510,
        "feature_type": "populated place",
        "geoname_id": 2751385
      }
    },
    {
      "type": "Feature",
      "geometry": {
        "type": "Point",
        "coordinates": [
          4.48514,
          51.87532
        ]
      },
      "properties": {
        "name": "Zuidwijk",
        "country": "The Netherlands",
        "region": "South Holland",
        "elevation_m": null,
        "population": 12490,
        "feature_type": "section of populated place",
        "geoname_id": 2743640
      }
    },
    {
      "type": "Feature",
      "geometry": {
        "type": "Point",
        "coordinates": [
          4.24861,
          51.90417
        ]
      },
      "properties": {
        "name": "Rozenburg",
        "country": "The Netherlands",
        "region": "South Holland",
        "elevation_m": null,
        "population": 12420,
        "feature_type": "populated place",
        "geoname_id": 2747870
      }
    },
    {
      "type": "Feature",
      "geometry": {
        "type": "Point",
        "coordinates": [
          5.94722,
          51.64667
        ]
      },
      "properties": {
        "name": "Boxmeer",
        "country": "The Netherlands",
        "region": "North Brabant",
        "elevation_m": null,
        "population": 12407,
        "feature_type": "populated place",
        "geoname_id": 2758462
      }
    },
    {
      "type": "Feature",
      "geometry": {
        "type": "Point",
        "coordinates": [
          6.85833,
          53.32167
        ]
      },
      "properties": {
        "name": "Appingedam",
        "country": "The Netherlands",
        "region": "Groningen",
        "elevation_m": null,
        "population": 12364,
        "feature_type": "populated place",
        "geoname_id": 2759687
      }
    },
    {
      "type": "Feature",
      "geometry": {
        "type": "Point",
        "coordinates": [
          6.41111,
          52.15917
        ]
      },
      "properties": {
        "name": "Lochem",
        "country": "The Netherlands",
        "region": "Gelderland",
        "elevation_m": null,
        "population": 12360,
        "feature_type": "populated place",
        "geoname_id": 2751537
      }
    },
    {
      "type": "Feature",
      "geometry": {
        "type": "Point",
        "coordinates": [
          4.84861,
          51.9475
        ]
      },
      "properties": {
        "name": "Schoonhoven",
        "country": "The Netherlands",
        "region": "South Holland",
        "elevation_m": null,
        "population": 12352,
        "feature_type": "populated place",
        "geoname_id": 2747506
      }
    },
    {
      "type": "Feature",
      "geometry": {
        "type": "Point",
        "coordinates": [
          6.62222,
          52.40833
        ]
      },
      "properties": {
        "name": "Vriezenveen",
        "country": "The Netherlands",
        "region": "Overijssel",
        "elevation_m": null,
        "population": 12310,
        "feature_type": "populated place",
        "geoname_id": 2745182
      }
    },
    {
      "type": "Feature",
      "geometry": {
        "type": "Point",
        "coordinates": [
          6.58527,
          53.01766
        ]
      },
      "properties": {
        "name": "Marsdijk",
        "country": "The Netherlands",
        "region": "Drenthe",
        "elevation_m": null,
        "population": 12241,
        "feature_type": "section of populated place",
        "geoname_id": 11951321
      }
    },
    {
      "type": "Feature",
      "geometry": {
        "type": "Point",
        "coordinates": [
          5.89861,
          51.89167
        ]
      },
      "properties": {
        "name": "Bemmel",
        "country": "The Netherlands",
        "region": "Gelderland",
        "elevation_m": null,
        "population": 12020,
        "feature_type": "populated place",
        "geoname_id": 2759231
      }
    },
    {
      "type": "Feature",
      "geometry": {
        "type": "Point",
        "coordinates": [
          6.99028,
          52.72417
        ]
      },
      "properties": {
        "name": "Klazienaveen",
        "country": "The Netherlands",
        "region": "Drenthe",
        "elevation_m": null,
        "population": 11919,
        "feature_type": "populated place",
        "geoname_id": 2752798
      }
    },
    {
      "type": "Feature",
      "geometry": {
        "type": "Point",
        "coordinates": [
          4.46901,
          51.87152
        ]
      },
      "properties": {
        "name": "Pendrecht",
        "country": "The Netherlands",
        "region": "South Holland",
        "elevation_m": null,
        "population": 11885,
        "feature_type": "section of populated place",
        "geoname_id": 2748657
      }
    },
    {
      "type": "Feature",
      "geometry": {
        "type": "Point",
        "coordinates": [
          6.06389,
          52.475
        ]
      },
      "properties": {
        "name": "Hattem",
        "country": "The Netherlands",
        "region": "Gelderland",
        "elevation_m": null,
        "population": 11876,
        "feature_type": "populated place",
        "geoname_id": 2754768
      }
    },
    {
      "type": "Feature",
      "geometry": {
        "type": "Point",
        "coordinates": [
          4.49306,
          52.26167
        ]
      },
      "properties": {
        "name": "Noordwijkerhout",
        "country": "The Netherlands",
        "region": "South Holland",
        "elevation_m": null,
        "population": 11875,
        "feature_type": "populated place",
        "geoname_id": 2749811
      }
    },
    {
      "type": "Feature",
      "geometry": {
        "type": "Point",
        "coordinates": [
          4.24861,
          51.975
        ]
      },
      "properties": {
        "name": "De Lier",
        "country": "The Netherlands",
        "region": "South Holland",
        "elevation_m": null,
        "population": 11823,
        "feature_type": "populated place",
        "geoname_id": 2757336
      }
    },
    {
      "type": "Feature",
      "geometry": {
        "type": "Point",
        "coordinates": [
          6.42083,
          52.52083
        ]
      },
      "properties": {
        "name": "Ommen",
        "country": "The Netherlands",
        "region": "Overijssel",
        "elevation_m": null,
        "population": 11820,
        "feature_type": "populated place",
        "geoname_id": 2749613
      }
    },
    {
      "type": "Feature",
      "geometry": {
        "type": "Point",
        "coordinates": [
          4.79306,
          51.67667
        ]
      },
      "properties": {
        "name": "Made",
        "country": "The Netherlands",
        "region": "North Brabant",
        "elevation_m": null,
        "population": 11795,
        "feature_type": "populated place",
        "geoname_id": 2751272
      }
    },
    {
      "type": "Feature",
      "geometry": {
        "type": "Point",
        "coordinates": [
          5.7177,
          50.78
        ]
      },
      "properties": {
        "name": "Eijsden",
        "country": "The Netherlands",
        "region": "Limburg",
        "elevation_m": null,
        "population": 11795,
        "feature_type": "populated place",
        "geoname_id": 2756283
      }
    },
    {
      "type": "Feature",
      "geometry": {
        "type": "Point",
        "coordinates": [
          4.70972,
          52.52917
        ]
      },
      "properties": {
        "name": "Uitgeest",
        "country": "The Netherlands",
        "region": "North Holland",
        "elevation_m": null,
        "population": 11794,
        "feature_type": "populated place",
        "geoname_id": 2745978
      }
    },
    {
      "type": "Feature",
      "geometry": {
        "type": "Point",
        "coordinates": [
          5.13474,
          52.06178
        ]
      },
      "properties": {
        "name": "Lunetten",
        "country": "The Netherlands",
        "region": "Utrecht",
        "elevation_m": null,
        "population": 11679,
        "feature_type": "section of populated place",
        "geoname_id": 6698635
      }
    },
    {
      "type": "Feature",
      "geometry": {
        "type": "Point",
        "coordinates": [
          3.98056,
          51.8175
        ]
      },
      "properties": {
        "name": "Goedereede",
        "country": "The Netherlands",
        "region": "South Holland",
        "elevation_m": null,
        "population": 11597,
        "feature_type": "populated place",
        "geoname_id": 2755485
      }
    },
    {
      "type": "Feature",
      "geometry": {
        "type": "Point",
        "coordinates": [
          4.175,
          52.02583
        ]
      },
      "properties": {
        "name": "Monster",
        "country": "The Netherlands",
        "region": "South Holland",
        "elevation_m": null,
        "population": 11580,
        "feature_type": "populated place",
        "geoname_id": 2750630
      }
    },
    {
      "type": "Feature",
      "geometry": {
        "type": "Point",
        "coordinates": [
          5.22778,
          52.25667
        ]
      },
      "properties": {
        "name": "Laren",
        "country": "The Netherlands",
        "region": "North Holland",
        "elevation_m": null,
        "population": 11508,
        "feature_type": "populated place",
        "geoname_id": 2751874
      }
    },
    {
      "type": "Feature",
      "geometry": {
        "type": "Point",
        "coordinates": [
          5.84318,
          53.20973
        ]
      },
      "properties": {
        "name": "Camminghaburen",
        "country": "The Netherlands",
        "region": "Friesland",
        "elevation_m": null,
        "population": 11500,
        "feature_type": "section of populated place",
        "geoname_id": 6324403
      }
    },
    {
      "type": "Feature",
      "geometry": {
        "type": "Point",
        "coordinates": [
          6.13889,
          52.0125
        ]
      },
      "properties": {
        "name": "Doesburg",
        "country": "The Netherlands",
        "region": "Gelderland",
        "elevation_m": null,
        "population": 11480,
        "feature_type": "populated place",
        "geoname_id": 2756772
      }
    },
    {
      "type": "Feature",
      "geometry": {
        "type": "Point",
        "coordinates": [
          6.58611,
          52.23333
        ]
      },
      "properties": {
        "name": "Goor",
        "country": "The Netherlands",
        "region": "Overijssel",
        "elevation_m": null,
        "population": 11460,
        "feature_type": "populated place",
        "geoname_id": 2755449
      }
    },
    {
      "type": "Feature",
      "geometry": {
        "type": "Point",
        "coordinates": [
          6.50139,
          53.21083
        ]
      },
      "properties": {
        "name": "Hoogkerk",
        "country": "The Netherlands",
        "region": "Groningen",
        "elevation_m": null,
        "population": 11405,
        "feature_type": "populated place",
        "geoname_id": 2753688
      }
    },
    {
      "type": "Feature",
      "geometry": {
        "type": "Point",
        "coordinates": [
          5.41667,
          52.08083
        ]
      },
      "properties": {
        "name": "Woudenberg",
        "country": "The Netherlands",
        "region": "Utrecht",
        "elevation_m": null,
        "population": 11305,
        "feature_type": "populated place",
        "geoname_id": 2744163
      }
    },
    {
      "type": "Feature",
      "geometry": {
        "type": "Point",
        "coordinates": [
          5.76667,
          50.96917
        ]
      },
      "properties": {
        "name": "Stein",
        "country": "The Netherlands",
        "region": "Limburg",
        "elevation_m": null,
        "population": 11290,
        "feature_type": "populated place",
        "geoname_id": 2746748
      }
    },
    {
      "type": "Feature",
      "geometry": {
        "type": "Point",
        "coordinates": [
          4.47758,
          51.88932
        ]
      },
      "properties": {
        "name": "Carnisse",
        "country": "The Netherlands",
        "region": "South Holland",
        "elevation_m": null,
        "population": 11225,
        "feature_type": "populated place",
        "geoname_id": 2758001
      }
    },
    {
      "type": "Feature",
      "geometry": {
        "type": "Point",
        "coordinates": [
          4.89444,
          51.81
        ]
      },
      "properties": {
        "name": "Werkendam",
        "country": "The Netherlands",
        "region": "North Brabant",
        "elevation_m": null,
        "population": 11204,
        "feature_type": "populated place",
        "geoname_id": 2744827
      }
    },
    {
      "type": "Feature",
      "geometry": {
        "type": "Point",
        "coordinates": [
          4.94444,
          52.70667
        ]
      },
      "properties": {
        "name": "Opmeer",
        "country": "The Netherlands",
        "region": "North Holland",
        "elevation_m": null,
        "population": 11183,
        "feature_type": "populated place",
        "geoname_id": 2749286
      }
    },
    {
      "type": "Feature",
      "geometry": {
        "type": "Point",
        "coordinates": [
          5.84583,
          51.98583
        ]
      },
      "properties": {
        "name": "Oosterbeek",
        "country": "The Netherlands",
        "region": "Gelderland",
        "elevation_m": null,
        "population": 11138,
        "feature_type": "populated place",
        "geoname_id": 2749503
      }
    },
    {
      "type": "Feature",
      "geometry": {
        "type": "Point",
        "coordinates": [
          4.7125,
          51.59833
        ]
      },
      "properties": {
        "name": "Prinsenbeek",
        "country": "The Netherlands",
        "region": "North Brabant",
        "elevation_m": null,
        "population": 10720,
        "feature_type": "populated place",
        "geoname_id": 2748448
      }
    },
    {
      "type": "Feature",
      "geometry": {
        "type": "Point",
        "coordinates": [
          5.71111,
          51.385
        ]
      },
      "properties": {
        "name": "Someren",
        "country": "The Netherlands",
        "region": "North Brabant",
        "elevation_m": null,
        "population": 10690,
        "feature_type": "populated place",
        "geoname_id": 2747021
      }
    },
    {
      "type": "Feature",
      "geometry": {
        "type": "Point",
        "coordinates": [
          5.37361,
          52.1825
        ]
      },
      "properties": {
        "name": "Hoogland",
        "country": "The Netherlands",
        "region": "Utrecht",
        "elevation_m": null,
        "population": 10587,
        "feature_type": "populated place",
        "geoname_id": 2753686
      }
    },
    {
      "type": "Feature",
      "geometry": {
        "type": "Point",
        "coordinates": [
          6.5853,
          53.2237
        ]
      },
      "properties": {
        "name": "Oosterpark",
        "country": "The Netherlands",
        "region": "Groningen",
        "elevation_m": null,
        "population": 10550,
        "feature_type": "section of populated place",
        "geoname_id": 2749423
      }
    },
    {
      "type": "Feature",
      "geometry": {
        "type": "Point",
        "coordinates": [
          4.53194,
          52.01083
        ]
      },
      "properties": {
        "name": "Bleiswijk",
        "country": "The Netherlands",
        "region": "South Holland",
        "elevation_m": null,
        "population": 10549,
        "feature_type": "populated place",
        "geoname_id": 2758838
      }
    },
    {
      "type": "Feature",
      "geometry": {
        "type": "Point",
        "coordinates": [
          3.91944,
          51.65
        ]
      },
      "properties": {
        "name": "Zierikzee",
        "country": "The Netherlands",
        "region": "Zeeland",
        "elevation_m": null,
        "population": 10483,
        "feature_type": "populated place",
        "geoname_id": 2743913
      }
    },
    {
      "type": "Feature",
      "geometry": {
        "type": "Point",
        "coordinates": [
          6.37778,
          51.89
        ]
      },
      "properties": {
        "name": "Ulft",
        "country": "The Netherlands",
        "region": "Gelderland",
        "elevation_m": null,
        "population": 10440,
        "feature_type": "populated place",
        "geoname_id": 2745953
      }
    },
    {
      "type": "Feature",
      "geometry": {
        "type": "Point",
        "coordinates": [
          5.31389,
          51.505
        ]
      },
      "properties": {
        "name": "Oirschot",
        "country": "The Netherlands",
        "region": "North Brabant",
        "elevation_m": null,
        "population": 10393,
        "feature_type": "populated place",
        "geoname_id": 2749683
      }
    },
    {
      "type": "Feature",
      "geometry": {
        "type": "Point",
        "coordinates": [
          6.52222,
          52.11583
        ]
      },
      "properties": {
        "name": "Borculo",
        "country": "The Netherlands",
        "region": "Gelderland",
        "elevation_m": null,
        "population": 10373,
        "feature_type": "populated place",
        "geoname_id": 2758626
      }
    },
    {
      "type": "Feature",
      "geometry": {
        "type": "Point",
        "coordinates": [
          5.34571,
          52.03343
        ]
      },
      "properties": {
        "name": "Doorn",
        "country": "The Netherlands",
        "region": "Utrecht",
        "elevation_m": null,
        "population": 10330,
        "feature_type": "populated place",
        "geoname_id": 2756686
      }
    },
    {
      "type": "Feature",
      "geometry": {
        "type": "Point",
        "coordinates": [
          4.43539,
          51.91688
        ]
      },
      "properties": {
        "name": "Spangen",
        "country": "The Netherlands",
        "region": "South Holland",
        "elevation_m": null,
        "population": 10285,
        "feature_type": "section of populated place",
        "geoname_id": 2746975
      }
    },
    {
      "type": "Feature",
      "geometry": {
        "type": "Point",
        "coordinates": [
          5.62222,
          52.29833
        ]
      },
      "properties": {
        "name": "Ermelo",
        "country": "The Netherlands",
        "region": "Gelderland",
        "elevation_m": null,
        "population": 10255,
        "feature_type": "populated place",
        "geoname_id": 2756039
      }
    },
    {
      "type": "Feature",
      "geometry": {
        "type": "Point",
        "coordinates": [
          5.83057,
          51.80635
        ]
      },
      "properties": {
        "name": "Hatert",
        "country": "The Netherlands",
        "region": "Gelderland",
        "elevation_m": null,
        "population": 10210,
        "feature_type": "section of populated place",
        "geoname_id": 2754773
      }
    },
    {
      "type": "Feature",
      "geometry": {
        "type": "Point",
        "coordinates": [
          6.05833,
          52.105
        ]
      },
      "properties": {
        "name": "Eerbeek",
        "country": "The Netherlands",
        "region": "Gelderland",
        "elevation_m": null,
        "population": 10103,
        "feature_type": "populated place",
        "geoname_id": 2756351
      }
    },
    {
      "type": "Feature",
      "geometry": {
        "type": "Point",
        "coordinates": [
          5.70912,
          52.84618
        ]
      },
      "properties": {
        "name": "Lemmer",
        "country": "The Netherlands",
        "region": "Friesland",
        "elevation_m": null,
        "population": 10050,
        "feature_type": "populated place",
        "geoname_id": 2751729
      }
    },
    {
      "type": "Feature",
      "geometry": {
        "type": "Point",
        "coordinates": [
          6.23217,
          52.1279
        ]
      },
      "properties": {
        "name": "Leesten",
        "country": "The Netherlands",
        "region": "Gelderland",
        "elevation_m": null,
        "population": 10000,
        "feature_type": "section of populated place",
        "geoname_id": 2751793
      }
    },
    {
      "type": "Feature",
      "geometry": {
        "type": "Point",
        "coordinates": [
          4.60972,
          51.96833
        ]
      },
      "properties": {
        "name": "Nieuwerkerk aan den IJssel",
        "country": "The Netherlands",
        "region": "South Holland",
        "elevation_m": -3,
        "population": 10000,
        "feature_type": "populated place",
        "geoname_id": 2750263
      }
    },
    {
      "type": "Feature",
      "geometry": {
        "type": "Point",
        "coordinates": [
          6.61111,
          52.04167
        ]
      },
      "properties": {
        "name": "Groenlo",
        "country": "The Netherlands",
        "region": "Gelderland",
        "elevation_m": null,
        "population": 10000,
        "feature_type": "populated place",
        "geoname_id": 2755281
      }
    },
    {
      "type": "Feature",
      "geometry": {
        "type": "Point",
        "coordinates": [
          4.55315,
          51.92336
        ]
      },
      "properties": {
        "name": "'s-Gravenland",
        "country": "The Netherlands",
        "region": "South Holland",
        "elevation_m": null,
        "population": 10000,
        "feature_type": "section of populated place",
        "geoname_id": 8379268
      }
    },
    {
      "type": "Feature",
      "geometry": {
        "type": "Point",
        "coordinates": [
          5.57145,
          51.3828
        ]
      },
      "properties": {
        "name": "Heeze",
        "country": "The Netherlands",
        "region": "North Brabant",
        "elevation_m": null,
        "population": 9945,
        "feature_type": "seat of a second-order administrative division",
        "geoname_id": 2754618
      }
    },
    {
      "type": "Feature",
      "geometry": {
        "type": "Point",
        "coordinates": [
          5.95694,
          51.23583
        ]
      },
      "properties": {
        "name": "Haelen",
        "country": "The Netherlands",
        "region": "Limburg",
        "elevation_m": null,
        "population": 9935,
        "feature_type": "populated place",
        "geoname_id": 2754975
      }
    },
    {
      "type": "Feature",
      "geometry": {
        "type": "Point",
        "coordinates": [
          4.6944,
          52.02878
        ]
      },
      "properties": {
        "name": "Bloemendaal",
        "country": "The Netherlands",
        "region": "South Holland",
        "elevation_m": null,
        "population": 9900,
        "feature_type": "section of populated place",
        "geoname_id": 2758803
      }
    },
    {
      "type": "Feature",
      "geometry": {
        "type": "Point",
        "coordinates": [
          4.26785,
          51.52834
        ]
      },
      "properties": {
        "name": "Halsteren",
        "country": "The Netherlands",
        "region": "North Brabant",
        "elevation_m": null,
        "population": 9850,
        "feature_type": "populated place",
        "geoname_id": 2754922
      }
    },
    {
      "type": "Feature",
      "geometry": {
        "type": "Point",
        "coordinates": [
          4.86806,
          52.025
        ]
      },
      "properties": {
        "name": "Oudewater",
        "country": "The Netherlands",
        "region": "Utrecht",
        "elevation_m": null,
        "population": 9836,
        "feature_type": "populated place",
        "geoname_id": 2748979
      }
    },
    {
      "type": "Feature",
      "geometry": {
        "type": "Point",
        "coordinates": [
          5.22083,
          51.36833
        ]
      },
      "properties": {
        "name": "Bladel",
        "country": "The Netherlands",
        "region": "North Brabant",
        "elevation_m": null,
        "population": 9785,
        "feature_type": "populated place",
        "geoname_id": 2758878
      }
    },
    {
      "type": "Feature",
      "geometry": {
        "type": "Point",
        "coordinates": [
          4.83194,
          51.9325
        ]
      },
      "properties": {
        "name": "Liesveld",
        "country": "The Netherlands",
        "region": "South Holland",
        "elevation_m": null,
        "population": 9767,
        "feature_type": "populated place",
        "geoname_id": 2751621
      }
    },
    {
      "type": "Feature",
      "geometry": {
        "type": "Point",
        "coordinates": [
          4.92798,
          52.36222
        ]
      },
      "properties": {
        "name": "Dapperbuurt",
        "country": "The Netherlands",
        "region": "North Holland",
        "elevation_m": 0,
        "population": 9755,
        "feature_type": "section of populated place",
        "geoname_id": 12495525
      }
    },
    {
      "type": "Feature",
      "geometry": {
        "type": "Point",
        "coordinates": [
          5.99009,
          53.19243
        ]
      },
      "properties": {
        "name": "Burgum",
        "country": "The Netherlands",
        "region": "Friesland",
        "elevation_m": null,
        "population": 9720,
        "feature_type": "populated place",
        "geoname_id": 2759103
      }
    },
    {
      "type": "Feature",
      "geometry": {
        "type": "Point",
        "coordinates": [
          5.60556,
          52.18667
        ]
      },
      "properties": {
        "name": "Voorthuizen",
        "country": "The Netherlands",
        "region": "Gelderland",
        "elevation_m": null,
        "population": 9710,
        "feature_type": "populated place",
        "geoname_id": 2745271
      }
    },
    {
      "type": "Feature",
      "geometry": {
        "type": "Point",
        "coordinates": [
          6.04028,
          52.62333
        ]
      },
      "properties": {
        "name": "Genemuiden",
        "country": "The Netherlands",
        "region": "Overijssel",
        "elevation_m": null,
        "population": 9700,
        "feature_type": "populated place",
        "geoname_id": 2755594
      }
    },
    {
      "type": "Feature",
      "geometry": {
        "type": "Point",
        "coordinates": [
          4.70694,
          52.16583
        ]
      },
      "properties": {
        "name": "Ter Aar",
        "country": "The Netherlands",
        "region": "South Holland",
        "elevation_m": null,
        "population": 9630,
        "feature_type": "populated place",
        "geoname_id": 2746478
      }
    },
    {
      "type": "Feature",
      "geometry": {
        "type": "Point",
        "coordinates": [
          4.68653,
          51.88915
        ]
      },
      "properties": {
        "name": "Nieuw-Lekkerland",
        "country": "The Netherlands",
        "region": "South Holland",
        "elevation_m": null,
        "population": 9535,
        "feature_type": "populated place",
        "geoname_id": 2750163
      }
    },
    {
      "type": "Feature",
      "geometry": {
        "type": "Point",
        "coordinates": [
          5.74861,
          51.40417
        ]
      },
      "properties": {
        "name": "Asten",
        "country": "The Netherlands",
        "region": "North Brabant",
        "elevation_m": null,
        "population": 9535,
        "feature_type": "populated place",
        "geoname_id": 2759621
      }
    },
    {
      "type": "Feature",
      "geometry": {
        "type": "Point",
        "coordinates": [
          6.51389,
          52.86333
        ]
      },
      "properties": {
        "name": "Beilen",
        "country": "The Netherlands",
        "region": "Drenthe",
        "elevation_m": null,
        "population": 9495,
        "feature_type": "populated place",
        "geoname_id": 2759271
      }
    },
    {
      "type": "Feature",
      "geometry": {
        "type": "Point",
        "coordinates": [
          5.01234,
          52.07537
        ]
      },
      "properties": {
        "name": "Veldhuizen",
        "country": "The Netherlands",
        "region": "Utrecht",
        "elevation_m": null,
        "population": 9460,
        "feature_type": "populated place",
        "geoname_id": 2745702
      }
    },
    {
      "type": "Feature",
      "geometry": {
        "type": "Point",
        "coordinates": [
          5.73333,
          51.97667
        ]
      },
      "properties": {
        "name": "Renkum",
        "country": "The Netherlands",
        "region": "Gelderland",
        "elevation_m": null,
        "population": 9421,
        "feature_type": "populated place",
        "geoname_id": 2748236
      }
    },
    {
      "type": "Feature",
      "geometry": {
        "type": "Point",
        "coordinates": [
          5.61944,
          51.44
        ]
      },
      "properties": {
        "name": "Mierlo",
        "country": "The Netherlands",
        "region": "North Brabant",
        "elevation_m": null,
        "population": 9405,
        "feature_type": "populated place",
        "geoname_id": 2750821
      }
    },
    {
      "type": "Feature",
      "geometry": {
        "type": "Point",
        "coordinates": [
          4.13333,
          51.9775
        ]
      },
      "properties": {
        "name": "Hoek van Holland",
        "country": "The Netherlands",
        "region": "South Holland",
        "elevation_m": null,
        "population": 9400,
        "feature_type": "populated place",
        "geoname_id": 2754007
      }
    },
    {
      "type": "Feature",
      "geometry": {
        "type": "Point",
        "coordinates": [
          6.60931,
          53.17209
        ]
      },
      "properties": {
        "name": "Haren",
        "country": "The Netherlands",
        "region": "Groningen",
        "elevation_m": null,
        "population": 9375,
        "feature_type": "populated place",
        "geoname_id": 2754841
      }
    },
    {
      "type": "Feature",
      "geometry": {
        "type": "Point",
        "coordinates": [
          4.55083,
          51.74521
        ]
      },
      "properties": {
        "name": "Strijen",
        "country": "The Netherlands",
        "region": "South Holland",
        "elevation_m": null,
        "population": 9371,
        "feature_type": "populated place",
        "geoname_id": 2746609
      }
    },
    {
      "type": "Feature",
      "geometry": {
        "type": "Point",
        "coordinates": [
          4.27577,
          52.09311
        ]
      },
      "properties": {
        "name": "Statenkwartier",
        "country": "The Netherlands",
        "region": "South Holland",
        "elevation_m": null,
        "population": 9300,
        "feature_type": "section of populated place",
        "geoname_id": 2746826
      }
    },
    {
      "type": "Feature",
      "geometry": {
        "type": "Point",
        "coordinates": [
          4.75139,
          52.23417
        ]
      },
      "properties": {
        "name": "Kudelstaart",
        "country": "The Netherlands",
        "region": "North Holland",
        "elevation_m": null,
        "population": 9250,
        "feature_type": "populated place",
        "geoname_id": 2752178
      }
    },
    {
      "type": "Feature",
      "geometry": {
        "type": "Point",
        "coordinates": [
          6.29096,
          52.99164
        ]
      },
      "properties": {
        "name": "Oosterwolde",
        "country": "The Netherlands",
        "region": "Friesland",
        "elevation_m": null,
        "population": 9245,
        "feature_type": "populated place",
        "geoname_id": 2749391
      }
    },
    {
      "type": "Feature",
      "geometry": {
        "type": "Point",
        "coordinates": [
          6.23056,
          52.1375
        ]
      },
      "properties": {
        "name": "Warnsveld",
        "country": "The Netherlands",
        "region": "Gelderland",
        "elevation_m": null,
        "population": 9200,
        "feature_type": "populated place",
        "geoname_id": 2745003
      }
    },
    {
      "type": "Feature",
      "geometry": {
        "type": "Point",
        "coordinates": [
          5.86667,
          51.86167
        ]
      },
      "properties": {
        "name": "Lent",
        "country": "The Netherlands",
        "region": "Gelderland",
        "elevation_m": null,
        "population": 9160,
        "feature_type": "populated place",
        "geoname_id": 2751714
      }
    },
    {
      "type": "Feature",
      "geometry": {
        "type": "Point",
        "coordinates": [
          5.53176,
          53.06555
        ]
      },
      "properties": {
        "name": "Bolsward",
        "country": "The Netherlands",
        "region": "Friesland",
        "elevation_m": null,
        "population": 9160,
        "feature_type": "populated place",
        "geoname_id": 2758682
      }
    },
    {
      "type": "Feature",
      "geometry": {
        "type": "Point",
        "coordinates": [
          6.88145,
          52.76152
        ]
      },
      "properties": {
        "name": "Bargeres",
        "country": "The Netherlands",
        "region": "Drenthe",
        "elevation_m": null,
        "population": 9060,
        "feature_type": "section of populated place",
        "geoname_id": 2759419
      }
    },
    {
      "type": "Feature",
      "geometry": {
        "type": "Point",
        "coordinates": [
          4.80686,
          52.47494
        ]
      },
      "properties": {
        "name": "Zaandijk",
        "country": "The Netherlands",
        "region": "North Holland",
        "elevation_m": null,
        "population": 9040,
        "feature_type": "populated place",
        "geoname_id": 2744116
      }
    },
    {
      "type": "Feature",
      "geometry": {
        "type": "Point",
        "coordinates": [
          5.81119,
          53.1917
        ]
      },
      "properties": {
        "name": "Huizum",
        "country": "The Netherlands",
        "region": "Friesland",
        "elevation_m": null,
        "population": 9000,
        "feature_type": "section of populated place",
        "geoname_id": 2753470
      }
    },
    {
      "type": "Feature",
      "geometry": {
        "type": "Point",
        "coordinates": [
          4.61667,
          51.78
        ]
      },
      "properties": {
        "name": "'s-Gravendeel",
        "country": "The Netherlands",
        "region": "South Holland",
        "elevation_m": null,
        "population": 9000,
        "feature_type": "populated place",
        "geoname_id": 2747375
      }
    },
    {
      "type": "Feature",
      "geometry": {
        "type": "Point",
        "coordinates": [
          5.18056,
          52.11
        ]
      },
      "properties": {
        "name": "De Bilt",
        "country": "The Netherlands",
        "region": "Utrecht",
        "elevation_m": null,
        "population": 8945,
        "feature_type": "populated place",
        "geoname_id": 2757783
      }
    },
    {
      "type": "Feature",
      "geometry": {
        "type": "Point",
        "coordinates": [
          6.04016,
          52.38723
        ]
      },
      "properties": {
        "name": "Heerde",
        "country": "The Netherlands",
        "region": "Gelderland",
        "elevation_m": null,
        "population": 8850,
        "feature_type": "populated place",
        "geoname_id": 2754681
      }
    },
    {
      "type": "Feature",
      "geometry": {
        "type": "Point",
        "coordinates": [
          5.48889,
          52.08
        ]
      },
      "properties": {
        "name": "Scherpenzeel",
        "country": "The Netherlands",
        "region": "Gelderland",
        "elevation_m": null,
        "population": 8820,
        "feature_type": "populated place",
        "geoname_id": 2747607
      }
    },
    {
      "type": "Feature",
      "geometry": {
        "type": "Point",
        "coordinates": [
          4.83611,
          52.86083
        ]
      },
      "properties": {
        "name": "Anna Paulowna",
        "country": "The Netherlands",
        "region": "North Holland",
        "elevation_m": null,
        "population": 8795,
        "feature_type": "populated place",
        "geoname_id": 2759737
      }
    },
    {
      "type": "Feature",
      "geometry": {
        "type": "Point",
        "coordinates": [
          6.18056,
          51.47667
        ]
      },
      "properties": {
        "name": "Arcen",
        "country": "The Netherlands",
        "region": "Limburg",
        "elevation_m": null,
        "population": 8793,
        "feature_type": "populated place",
        "geoname_id": 2759684
      }
    },
    {
      "type": "Feature",
      "geometry": {
        "type": "Point",
        "coordinates": [
          4.60494,
          51.88531
        ]
      },
      "properties": {
        "name": "Slikkerveer",
        "country": "The Netherlands",
        "region": "South Holland",
        "elevation_m": null,
        "population": 8750,
        "feature_type": "section of populated place",
        "geoname_id": 2747151
      }
    },
    {
      "type": "Feature",
      "geometry": {
        "type": "Point",
        "coordinates": [
          3.95804,
          51.48627
        ]
      },
      "properties": {
        "name": "Kapelle",
        "country": "The Netherlands",
        "region": "Zeeland",
        "elevation_m": null,
        "population": 8670,
        "feature_type": "populated place",
        "geoname_id": 7284469
      }
    },
    {
      "type": "Feature",
      "geometry": {
        "type": "Point",
        "coordinates": [
          4.58889,
          51.54833
        ]
      },
      "properties": {
        "name": "Sint Willebrord",
        "country": "The Netherlands",
        "region": "North Brabant",
        "elevation_m": null,
        "population": 8655,
        "feature_type": "populated place",
        "geoname_id": 2747210
      }
    },
    {
      "type": "Feature",
      "geometry": {
        "type": "Point",
        "coordinates": [
          4.73906,
          51.57632
        ]
      },
      "properties": {
        "name": "Princenhage",
        "country": "The Netherlands",
        "region": "North Brabant",
        "elevation_m": null,
        "population": 8535,
        "feature_type": "section of populated place",
        "geoname_id": 2748457
      }
    },
    {
      "type": "Feature",
      "geometry": {
        "type": "Point",
        "coordinates": [
          6.56528,
          52.46083
        ]
      },
      "properties": {
        "name": "Vroomshoop",
        "country": "The Netherlands",
        "region": "Overijssel",
        "elevation_m": null,
        "population": 8480,
        "feature_type": "populated place",
        "geoname_id": 2745169
      }
    },
    {
      "type": "Feature",
      "geometry": {
        "type": "Point",
        "coordinates": [
          5.79722,
          50.94083
        ]
      },
      "properties": {
        "name": "Beek",
        "country": "The Netherlands",
        "region": "Limburg",
        "elevation_m": null,
        "population": 8415,
        "feature_type": "populated place",
        "geoname_id": 2759350
      }
    },
    {
      "type": "Feature",
      "geometry": {
        "type": "Point",
        "coordinates": [
          4.96111,
          52.09
        ]
      },
      "properties": {
        "name": "Harmelen",
        "country": "The Netherlands",
        "region": "Utrecht",
        "elevation_m": null,
        "population": 8374,
        "feature_type": "populated place",
        "geoname_id": 2754814
      }
    },
    {
      "type": "Feature",
      "geometry": {
        "type": "Point",
        "coordinates": [
          6.79028,
          53.16417
        ]
      },
      "properties": {
        "name": "Sappemeer",
        "country": "The Netherlands",
        "region": "Groningen",
        "elevation_m": null,
        "population": 8298,
        "feature_type": "populated place",
        "geoname_id": 2747758
      }
    },
    {
      "type": "Feature",
      "geometry": {
        "type": "Point",
        "coordinates": [
          6.4875,
          51.86417
        ]
      },
      "properties": {
        "name": "Dinxperlo",
        "country": "The Netherlands",
        "region": "Gelderland",
        "elevation_m": null,
        "population": 8240,
        "feature_type": "populated place",
        "geoname_id": 2756793
      }
    },
    {
      "type": "Feature",
      "geometry": {
        "type": "Point",
        "coordinates": [
          5.02222,
          52.21
        ]
      },
      "properties": {
        "name": "Loenen",
        "country": "The Netherlands",
        "region": "Utrecht",
        "elevation_m": null,
        "population": 8222,
        "feature_type": "populated place",
        "geoname_id": 2751523
      }
    },
    {
      "type": "Feature",
      "geometry": {
        "type": "Point",
        "coordinates": [
          3.90833,
          51.26667
        ]
      },
      "properties": {
        "name": "Axel",
        "country": "The Netherlands",
        "region": "Zeeland",
        "elevation_m": null,
        "population": 8149,
        "feature_type": "populated place",
        "geoname_id": 2759594
      }
    },
    {
      "type": "Feature",
      "geometry": {
        "type": "Point",
        "coordinates": [
          7.04722,
          52.81167
        ]
      },
      "properties": {
        "name": "Emmer-Compascuum",
        "country": "The Netherlands",
        "region": "Drenthe",
        "elevation_m": null,
        "population": 8130,
        "feature_type": "populated place",
        "geoname_id": 2756133
      }
    },
    {
      "type": "Feature",
      "geometry": {
        "type": "Point",
        "coordinates": [
          5.81667,
          50.98509
        ]
      },
      "properties": {
        "name": "Lindenheuvel",
        "country": "The Netherlands",
        "region": "Limburg",
        "elevation_m": null,
        "population": 8040,
        "feature_type": "populated place",
        "geoname_id": 2751583
      }
    },
    {
      "type": "Feature",
      "geometry": {
        "type": "Point",
        "coordinates": [
          5.26032,
          51.69978
        ]
      },
      "properties": {
        "name": "De Kruiskamp",
        "country": "The Netherlands",
        "region": "North Brabant",
        "elevation_m": null,
        "population": 8025,
        "feature_type": "section of populated place",
        "geoname_id": 2757386
      }
    },
    {
      "type": "Feature",
      "geometry": {
        "type": "Point",
        "coordinates": [
          4.44167,
          52.19
        ]
      },
      "properties": {
        "name": "Rijnsburg",
        "country": "The Netherlands",
        "region": "South Holland",
        "elevation_m": null,
        "population": 7990,
        "feature_type": "populated place",
        "geoname_id": 2748104
      }
    },
    {
      "type": "Feature",
      "geometry": {
        "type": "Point",
        "coordinates": [
          5.475,
          51.65083
        ]
      },
      "properties": {
        "name": "Heeswijk-Dinther",
        "country": "The Netherlands",
        "region": "North Brabant",
        "elevation_m": null,
        "population": 7985,
        "feature_type": "populated place",
        "geoname_id": 2754629
      }
    },
    {
      "type": "Feature",
      "geometry": {
        "type": "Point",
        "coordinates": [
          4.90746,
          52.29504
        ]
      },
      "properties": {
        "name": "Ouderkerk aan de Amstel",
        "country": "The Netherlands",
        "region": "North Holland",
        "elevation_m": null,
        "population": 7955,
        "feature_type": "populated place",
        "geoname_id": 2749017
      }
    },
    {
      "type": "Feature",
      "geometry": {
        "type": "Point",
        "coordinates": [
          4.74583,
          52.38
        ]
      },
      "properties": {
        "name": "Zwanenburg",
        "country": "The Netherlands",
        "region": "North Holland",
        "elevation_m": null,
        "population": 7935,
        "feature_type": "populated place",
        "geoname_id": 2743574
      }
    },
    {
      "type": "Feature",
      "geometry": {
        "type": "Point",
        "coordinates": [
          5.575,
          51.27167
        ]
      },
      "properties": {
        "name": "Budel",
        "country": "The Netherlands",
        "region": "North Brabant",
        "elevation_m": null,
        "population": 7895,
        "feature_type": "populated place",
        "geoname_id": 2758166
      }
    },
    {
      "type": "Feature",
      "geometry": {
        "type": "Point",
        "coordinates": [
          5.1375,
          51.48583
        ]
      },
      "properties": {
        "name": "Hilvarenbeek",
        "country": "The Netherlands",
        "region": "North Brabant",
        "elevation_m": null,
        "population": 7855,
        "feature_type": "populated place",
        "geoname_id": 2754066
      }
    },
    {
      "type": "Feature",
      "geometry": {
        "type": "Point",
        "coordinates": [
          6.92645,
          52.7809
        ]
      },
      "properties": {
        "name": "Angelslo",
        "country": "The Netherlands",
        "region": "Drenthe",
        "elevation_m": null,
        "population": 7840,
        "feature_type": "section of populated place",
        "geoname_id": 2759766
      }
    },
    {
      "type": "Feature",
      "geometry": {
        "type": "Point",
        "coordinates": [
          4.79583,
          52.27917
        ]
      },
      "properties": {
        "name": "Oosteinde",
        "country": "The Netherlands",
        "region": "North Holland",
        "elevation_m": null,
        "population": 7780,
        "feature_type": "populated place",
        "geoname_id": 2749525
      }
    },
    {
      "type": "Feature",
      "geometry": {
        "type": "Point",
        "coordinates": [
          6.60278,
          53.30083
        ]
      },
      "properties": {
        "name": "Bedum",
        "country": "The Netherlands",
        "region": "Groningen",
        "elevation_m": null,
        "population": 7765,
        "feature_type": "populated place",
        "geoname_id": 2759356
      }
    },
    {
      "type": "Feature",
      "geometry": {
        "type": "Point",
        "coordinates": [
          5.87361,
          51.10583
        ]
      },
      "properties": {
        "name": "Echt",
        "country": "The Netherlands",
        "region": "Limburg",
        "elevation_m": null,
        "population": 7760,
        "feature_type": "populated place",
        "geoname_id": 2756444
      }
    },
    {
      "type": "Feature",
      "geometry": {
        "type": "Point",
        "coordinates": [
          6.61389,
          52.13417
        ]
      },
      "properties": {
        "name": "Neede",
        "country": "The Netherlands",
        "region": "Gelderland",
        "elevation_m": null,
        "population": 7730,
        "feature_type": "populated place",
        "geoname_id": 2750460
      }
    },
    {
      "type": "Feature",
      "geometry": {
        "type": "Point",
        "coordinates": [
          5.09028,
          51.5386
        ]
      },
      "properties": {
        "name": "Groenewoud",
        "country": "The Netherlands",
        "region": "North Brabant",
        "elevation_m": null,
        "population": 7710,
        "feature_type": "section of populated place",
        "geoname_id": 2755287
      }
    },
    {
      "type": "Feature",
      "geometry": {
        "type": "Point",
        "coordinates": [
          4.57917,
          51.895
        ]
      },
      "properties": {
        "name": "Bolnes",
        "country": "The Netherlands",
        "region": "South Holland",
        "elevation_m": null,
        "population": 7650,
        "feature_type": "populated place",
        "geoname_id": 2758686
      }
    },
    {
      "type": "Feature",
      "geometry": {
        "type": "Point",
        "coordinates": [
          5.14306,
          51.60917
        ]
      },
      "properties": {
        "name": "Udenhout",
        "country": "The Netherlands",
        "region": "North Brabant",
        "elevation_m": null,
        "population": 7650,
        "feature_type": "populated place",
        "geoname_id": 2746003
      }
    },
    {
      "type": "Feature",
      "geometry": {
        "type": "Point",
        "coordinates": [
          5.72989,
          50.83836
        ]
      },
      "properties": {
        "name": "Heer",
        "country": "The Netherlands",
        "region": "Limburg",
        "elevation_m": null,
        "population": 7615,
        "feature_type": "section of populated place",
        "geoname_id": 2754682
      }
    },
    {
      "type": "Feature",
      "geometry": {
        "type": "Point",
        "coordinates": [
          7.00972,
          53.10417
        ]
      },
      "properties": {
        "name": "Oude Pekela",
        "country": "The Netherlands",
        "region": "Groningen",
        "elevation_m": null,
        "population": 7580,
        "feature_type": "populated place",
        "geoname_id": 2749034
      }
    },
    {
      "type": "Feature",
      "geometry": {
        "type": "Point",
        "coordinates": [
          5.28611,
          52.11833
        ]
      },
      "properties": {
        "name": "Soesterberg",
        "country": "The Netherlands",
        "region": "Utrecht",
        "elevation_m": null,
        "population": 7535,
        "feature_type": "populated place",
        "geoname_id": 2747030
      }
    },
    {
      "type": "Feature",
      "geometry": {
        "type": "Point",
        "coordinates": [
          4.22083,
          51.53167
        ]
      },
      "properties": {
        "name": "Tholen",
        "country": "The Netherlands",
        "region": "Zeeland",
        "elevation_m": null,
        "population": 7475,
        "feature_type": "populated place",
        "geoname_id": 2746351
      }
    },
    {
      "type": "Feature",
      "geometry": {
        "type": "Point",
        "coordinates": [
          5.91366,
          52.9496
        ]
      },
      "properties": {
        "name": "De Greiden",
        "country": "The Netherlands",
        "region": "Friesland",
        "elevation_m": null,
        "population": 7470,
        "feature_type": "section of populated place",
        "geoname_id": 2757619
      }
    },
    {
      "type": "Feature",
      "geometry": {
        "type": "Point",
        "coordinates": [
          5.09175,
          51.54801
        ]
      },
      "properties": {
        "name": "Broekhoven",
        "country": "The Netherlands",
        "region": "North Brabant",
        "elevation_m": null,
        "population": 7420,
        "feature_type": "section of populated place",
        "geoname_id": 2758268
      }
    },
    {
      "type": "Feature",
      "geometry": {
        "type": "Point",
        "coordinates": [
          6.02917,
          52.005
        ]
      },
      "properties": {
        "name": "Rheden",
        "country": "The Netherlands",
        "region": "Gelderland",
        "elevation_m": null,
        "population": 7400,
        "feature_type": "populated place",
        "geoname_id": 2748201
      }
    },
    {
      "type": "Feature",
      "geometry": {
        "type": "Point",
        "coordinates": [
          5.04805,
          52.51215
        ]
      },
      "properties": {
        "name": "Edam",
        "country": "The Netherlands",
        "region": "North Holland",
        "elevation_m": null,
        "population": 7380,
        "feature_type": "populated place",
        "geoname_id": 2756431
      }
    },
    {
      "type": "Feature",
      "geometry": {
        "type": "Point",
        "coordinates": [
          6.93881,
          52.78755
        ]
      },
      "properties": {
        "name": "Emmerhout",
        "country": "The Netherlands",
        "region": "Drenthe",
        "elevation_m": null,
        "population": 7375,
        "feature_type": "section of populated place",
        "geoname_id": 2756128
      }
    },
    {
      "type": "Feature",
      "geometry": {
        "type": "Point",
        "coordinates": [
          4.22441,
          52.00665
        ]
      },
      "properties": {
        "name": "Honselersdijk",
        "country": "The Netherlands",
        "region": "South Holland",
        "elevation_m": null,
        "population": 7366,
        "feature_type": "populated place",
        "geoname_id": 2753806
      }
    },
    {
      "type": "Feature",
      "geometry": {
        "type": "Point",
        "coordinates": [
          7.01528,
          52.9325
        ]
      },
      "properties": {
        "name": "Musselkanaal",
        "country": "The Netherlands",
        "region": "Groningen",
        "elevation_m": null,
        "population": 7350,
        "feature_type": "populated place",
        "geoname_id": 2750527
      }
    },
    {
      "type": "Feature",
      "geometry": {
        "type": "Point",
        "coordinates": [
          4.69444,
          52.56917
        ]
      },
      "properties": {
        "name": "Limmen",
        "country": "The Netherlands",
        "region": "North Holland",
        "elevation_m": null,
        "population": 7300,
        "feature_type": "populated place",
        "geoname_id": 2751592
      }
    },
    {
      "type": "Feature",
      "geometry": {
        "type": "Point",
        "coordinates": [
          5.75769,
          53.26234
        ]
      },
      "properties": {
        "name": "Stiens",
        "country": "The Netherlands",
        "region": "Friesland",
        "elevation_m": null,
        "population": 7300,
        "feature_type": "populated place",
        "geoname_id": 2746705
      }
    },
    {
      "type": "Feature",
      "geometry": {
        "type": "Point",
        "coordinates": [
          4.50645,
          51.91169
        ]
      },
      "properties": {
        "name": "Feijenoord",
        "country": "The Netherlands",
        "region": "South Holland",
        "elevation_m": null,
        "population": 7275,
        "feature_type": "section of populated place",
        "geoname_id": 2755925
      }
    },
    {
      "type": "Feature",
      "geometry": {
        "type": "Point",
        "coordinates": [
          4.82083,
          51.60917
        ]
      },
      "properties": {
        "name": "Teteringen",
        "country": "The Netherlands",
        "region": "North Brabant",
        "elevation_m": null,
        "population": 7230,
        "feature_type": "populated place",
        "geoname_id": 2746389
      }
    },
    {
      "type": "Feature",
      "geometry": {
        "type": "Point",
        "coordinates": [
          5.77083,
          50.94917
        ]
      },
      "properties": {
        "name": "Elsloo",
        "country": "The Netherlands",
        "region": "Limburg",
        "elevation_m": null,
        "population": 7220,
        "feature_type": "populated place",
        "geoname_id": 2756169
      }
    },
    {
      "type": "Feature",
      "geometry": {
        "type": "Point",
        "coordinates": [
          4.45315,
          51.90488
        ]
      },
      "properties": {
        "name": "Delfshaven",
        "country": "The Netherlands",
        "region": "South Holland",
        "elevation_m": null,
        "population": 7215,
        "feature_type": "section of populated place",
        "geoname_id": 2757347
      }
    },
    {
      "type": "Feature",
      "geometry": {
        "type": "Point",
        "coordinates": [
          5.74861,
          51.28583
        ]
      },
      "properties": {
        "name": "Nederweert",
        "country": "The Netherlands",
        "region": "Limburg",
        "elevation_m": null,
        "population": 7205,
        "feature_type": "populated place",
        "geoname_id": 2750467
      }
    },
    {
      "type": "Feature",
      "geometry": {
        "type": "Point",
        "coordinates": [
          5.41102,
          51.44267
        ]
      },
      "properties": {
        "name": "Meerhoven",
        "country": "The Netherlands",
        "region": "North Brabant",
        "elevation_m": null,
        "population": 7175,
        "feature_type": "section of populated place",
        "geoname_id": 6695503
      }
    },
    {
      "type": "Feature",
      "geometry": {
        "type": "Point",
        "coordinates": [
          5.4012,
          52.14863
        ]
      },
      "properties": {
        "name": "Randenbroek",
        "country": "The Netherlands",
        "region": "Utrecht",
        "elevation_m": null,
        "population": 7131,
        "feature_type": "section of populated place",
        "geoname_id": 6950811
      }
    },
    {
      "type": "Feature",
      "geometry": {
        "type": "Point",
        "coordinates": [
          6.40278,
          53.24667
        ]
      },
      "properties": {
        "name": "Zuidhorn",
        "country": "The Netherlands",
        "region": "Groningen",
        "elevation_m": null,
        "population": 7075,
        "feature_type": "populated place",
        "geoname_id": 2743694
      }
    },
    {
      "type": "Feature",
      "geometry": {
        "type": "Point",
        "coordinates": [
          5.16528,
          51.3625
        ]
      },
      "properties": {
        "name": "Reusel",
        "country": "The Netherlands",
        "region": "North Brabant",
        "elevation_m": null,
        "population": 7055,
        "feature_type": "populated place",
        "geoname_id": 2748217
      }
    },
    {
      "type": "Feature",
      "geometry": {
        "type": "Point",
        "coordinates": [
          6.06402,
          53.00659
        ]
      },
      "properties": {
        "name": "Gorredijk",
        "country": "The Netherlands",
        "region": "Friesland",
        "elevation_m": null,
        "population": 7040,
        "feature_type": "populated place",
        "geoname_id": 2755429
      }
    },
    {
      "type": "Feature",
      "geometry": {
        "type": "Point",
        "coordinates": [
          6.21111,
          51.96083
        ]
      },
      "properties": {
        "name": "Wehl",
        "country": "The Netherlands",
        "region": "Gelderland",
        "elevation_m": null,
        "population": 7035,
        "feature_type": "populated place",
        "geoname_id": 2744896
      }
    },
    {
      "type": "Feature",
      "geometry": {
        "type": "Point",
        "coordinates": [
          6.42083,
          53.1375
        ]
      },
      "properties": {
        "name": "Roden",
        "country": "The Netherlands",
        "region": "Drenthe",
        "elevation_m": null,
        "population": 7030,
        "feature_type": "populated place",
        "geoname_id": 2748026
      }
    },
    {
      "type": "Feature",
      "geometry": {
        "type": "Point",
        "coordinates": [
          5.88333,
          51.83333
        ]
      },
      "properties": {
        "name": "Hengstdal",
        "country": "The Netherlands",
        "region": "Gelderland",
        "elevation_m": null,
        "population": 7010,
        "feature_type": "section of populated place",
        "geoname_id": 2754386
      }
    },
    {
      "type": "Feature",
      "geometry": {
        "type": "Point",
        "coordinates": [
          5.22222,
          52.74667
        ]
      },
      "properties": {
        "name": "Andijk",
        "country": "The Netherlands",
        "region": "North Holland",
        "elevation_m": null,
        "population": 7005,
        "feature_type": "populated place",
        "geoname_id": 2759774
      }
    },
    {
      "type": "Feature",
      "geometry": {
        "type": "Point",
        "coordinates": [
          6.01806,
          50.77083
        ]
      },
      "properties": {
        "name": "Vaals",
        "country": "The Netherlands",
        "region": "Limburg",
        "elevation_m": null,
        "population": 6970,
        "feature_type": "populated place",
        "geoname_id": 2745906
      }
    },
    {
      "type": "Feature",
      "geometry": {
        "type": "Point",
        "coordinates": [
          6.09527,
          52.59267
        ]
      },
      "properties": {
        "name": "Hasselt",
        "country": "The Netherlands",
        "region": "Overijssel",
        "elevation_m": null,
        "population": 6959,
        "feature_type": "populated place",
        "geoname_id": 2754779
      }
    },
    {
      "type": "Feature",
      "geometry": {
        "type": "Point",
        "coordinates": [
          5.01528,
          52.10583
        ]
      },
      "properties": {
        "name": "Vleuten",
        "country": "The Netherlands",
        "region": "Utrecht",
        "elevation_m": null,
        "population": 6945,
        "feature_type": "populated place",
        "geoname_id": 2745431
      }
    },
    {
      "type": "Feature",
      "geometry": {
        "type": "Point",
        "coordinates": [
          6.71111,
          52.26
        ]
      },
      "properties": {
        "name": "Delden",
        "country": "The Netherlands",
        "region": "Overijssel",
        "elevation_m": null,
        "population": 6920,
        "feature_type": "populated place",
        "geoname_id": 2757370
      }
    },
    {
      "type": "Feature",
      "geometry": {
        "type": "Point",
        "coordinates": [
          4.96944,
          52.2725
        ]
      },
      "properties": {
        "name": "Abcoude",
        "country": "The Netherlands",
        "region": "Utrecht",
        "elevation_m": null,
        "population": 6920,
        "feature_type": "populated place",
        "geoname_id": 2760067
      }
    },
    {
      "type": "Feature",
      "geometry": {
        "type": "Point",
        "coordinates": [
          4.92917,
          51.4475
        ]
      },
      "properties": {
        "name": "Baarle-Nassau",
        "country": "The Netherlands",
        "region": "North Brabant",
        "elevation_m": null,
        "population": 6845,
        "feature_type": "populated place",
        "geoname_id": 2759554
      }
    },
    {
      "type": "Feature",
      "geometry": {
        "type": "Point",
        "coordinates": [
          4.65556,
          51.47167
        ]
      },
      "properties": {
        "name": "Zundert",
        "country": "The Netherlands",
        "region": "North Brabant",
        "elevation_m": null,
        "population": 6835,
        "feature_type": "populated place",
        "geoname_id": 2743619
      }
    },
    {
      "type": "Feature",
      "geometry": {
        "type": "Point",
        "coordinates": [
          5.97917,
          51.32667
        ]
      },
      "properties": {
        "name": "Panningen",
        "country": "The Netherlands",
        "region": "Limburg",
        "elevation_m": null,
        "population": 6710,
        "feature_type": "populated place",
        "geoname_id": 2748737
      }
    },
    {
      "type": "Feature",
      "geometry": {
        "type": "Point",
        "coordinates": [
          4.42766,
          51.93863
        ]
      },
      "properties": {
        "name": "Overschie",
        "country": "The Netherlands",
        "region": "South Holland",
        "elevation_m": null,
        "population": 6685,
        "feature_type": "section of populated place",
        "geoname_id": 2748826
      }
    },
    {
      "type": "Feature",
      "geometry": {
        "type": "Point",
        "coordinates": [
          5.87917,
          52.41583
        ]
      },
      "properties": {
        "name": "t Harde",
        "country": "The Netherlands",
        "region": "Gelderland",
        "elevation_m": null,
        "population": 6685,
        "feature_type": "populated place",
        "geoname_id": 2746371
      }
    },
    {
      "type": "Feature",
      "geometry": {
        "type": "Point",
        "coordinates": [
          6.56208,
          53.01719
        ]
      },
      "properties": {
        "name": "Peelo",
        "country": "The Netherlands",
        "region": "Drenthe",
        "elevation_m": null,
        "population": 6635,
        "feature_type": "section of populated place",
        "geoname_id": 2748686
      }
    },
    {
      "type": "Feature",
      "geometry": {
        "type": "Point",
        "coordinates": [
          4.87361,
          51.69667
        ]
      },
      "properties": {
        "name": "Raamsdonksveer",
        "country": "The Netherlands",
        "region": "North Brabant",
        "elevation_m": null,
        "population": 6590,
        "feature_type": "populated place",
        "geoname_id": 2748361
      }
    },
    {
      "type": "Feature",
      "geometry": {
        "type": "Point",
        "coordinates": [
          5.13156,
          51.75482
        ]
      },
      "properties": {
        "name": "Wijk en Aalburg",
        "country": "The Netherlands",
        "region": "North Brabant",
        "elevation_m": null,
        "population": 6588,
        "feature_type": "populated place",
        "geoname_id": 2760144
      }
    },
    {
      "type": "Feature",
      "geometry": {
        "type": "Point",
        "coordinates": [
          5.33472,
          51.77167
        ]
      },
      "properties": {
        "name": "Kerkdriel",
        "country": "The Netherlands",
        "region": "Gelderland",
        "elevation_m": null,
        "population": 6580,
        "feature_type": "populated place",
        "geoname_id": 2752947
      }
    },
    {
      "type": "Feature",
      "geometry": {
        "type": "Point",
        "coordinates": [
          4.05,
          51.4925
        ]
      },
      "properties": {
        "name": "Yerseke",
        "country": "The Netherlands",
        "region": "Zeeland",
        "elevation_m": null,
        "population": 6541,
        "feature_type": "populated place",
        "geoname_id": 2744129
      }
    },
    {
      "type": "Feature",
      "geometry": {
        "type": "Point",
        "coordinates": [
          5.73333,
          50.85
        ]
      },
      "properties": {
        "name": "Scharn",
        "country": "The Netherlands",
        "region": "Limburg",
        "elevation_m": null,
        "population": 6540,
        "feature_type": "section of populated place",
        "geoname_id": 2747673
      }
    },
    {
      "type": "Feature",
      "geometry": {
        "type": "Point",
        "coordinates": [
          5.73226,
          50.86215
        ]
      },
      "properties": {
        "name": "Amby",
        "country": "The Netherlands",
        "region": "Limburg",
        "elevation_m": null,
        "population": 6535,
        "feature_type": "populated place",
        "geoname_id": 2759850
      }
    },
    {
      "type": "Feature",
      "geometry": {
        "type": "Point",
        "coordinates": [
          6.5545,
          53.2352
        ]
      },
      "properties": {
        "name": "Selwerd",
        "country": "The Netherlands",
        "region": "Groningen",
        "elevation_m": null,
        "population": 6525,
        "feature_type": "section of populated place",
        "geoname_id": 2747392
      }
    },
    {
      "type": "Feature",
      "geometry": {
        "type": "Point",
        "coordinates": [
          5.56827,
          51.76991
        ]
      },
      "properties": {
        "name": "Berghem",
        "country": "The Netherlands",
        "region": "North Brabant",
        "elevation_m": null,
        "population": 6500,
        "feature_type": "populated place",
        "geoname_id": 2759126
      }
    },
    {
      "type": "Feature",
      "geometry": {
        "type": "Point",
        "coordinates": [
          4.79722,
          53.05417
        ]
      },
      "properties": {
        "name": "Den Burg",
        "country": "The Netherlands",
        "region": "North Holland",
        "elevation_m": null,
        "population": 6485,
        "feature_type": "populated place",
        "geoname_id": 2757244
      }
    },
    {
      "type": "Feature",
      "geometry": {
        "type": "Point",
        "coordinates": [
          5.64306,
          52.56833
        ]
      },
      "properties": {
        "name": "Swifterbant",
        "country": "The Netherlands",
        "region": "Flevoland",
        "elevation_m": null,
        "population": 6475,
        "feature_type": "populated place",
        "geoname_id": 2746540
      }
    },
    {
      "type": "Feature",
      "geometry": {
        "type": "Point",
        "coordinates": [
          6.23282,
          52.43661
        ]
      },
      "properties": {
        "name": "Heino",
        "country": "The Netherlands",
        "region": "Overijssel",
        "elevation_m": null,
        "population": 6459,
        "feature_type": "populated place",
        "geoname_id": 2754502
      }
    },
    {
      "type": "Feature",
      "geometry": {
        "type": "Point",
        "coordinates": [
          6.5625,
          53.13583
        ]
      },
      "properties": {
        "name": "Eelde",
        "country": "The Netherlands",
        "region": "Drenthe",
        "elevation_m": null,
        "population": 6450,
        "feature_type": "populated place",
        "geoname_id": 2756408
      }
    },
    {
      "type": "Feature",
      "geometry": {
        "type": "Point",
        "coordinates": [
          5.44444,
          51.38667
        ]
      },
      "properties": {
        "name": "Waalre",
        "country": "The Netherlands",
        "region": "North Brabant",
        "elevation_m": null,
        "population": 6445,
        "feature_type": "populated place",
        "geoname_id": 2745127
      }
    },
    {
      "type": "Feature",
      "geometry": {
        "type": "Point",
        "coordinates": [
          5.89861,
          51.25
        ]
      },
      "properties": {
        "name": "Heythuysen",
        "country": "The Netherlands",
        "region": "Limburg",
        "elevation_m": null,
        "population": 6420,
        "feature_type": "populated place",
        "geoname_id": 2754111
      }
    },
    {
      "type": "Feature",
      "geometry": {
        "type": "Point",
        "coordinates": [
          5.42778,
          52.01167
        ]
      },
      "properties": {
        "name": "Leersum",
        "country": "The Netherlands",
        "region": "Utrecht",
        "elevation_m": null,
        "population": 6385,
        "feature_type": "populated place",
        "geoname_id": 2751801
      }
    },
    {
      "type": "Feature",
      "geometry": {
        "type": "Point",
        "coordinates": [
          5.93417,
          52.20113
        ]
      },
      "properties": {
        "name": "Orden",
        "country": "The Netherlands",
        "region": "Gelderland",
        "elevation_m": null,
        "population": 6385,
        "feature_type": "section of populated place",
        "geoname_id": 2749250
      }
    },
    {
      "type": "Feature",
      "geometry": {
        "type": "Point",
        "coordinates": [
          6.01124,
          52.21323
        ]
      },
      "properties": {
        "name": "Woudhuis",
        "country": "The Netherlands",
        "region": "Gelderland",
        "elevation_m": 9,
        "population": 6375,
        "feature_type": "section of populated place",
        "geoname_id": 6621520
      }
    },
    {
      "type": "Feature",
      "geometry": {
        "type": "Point",
        "coordinates": [
          5.50887,
          51.43844
        ]
      },
      "properties": {
        "name": "De Doornakkers",
        "country": "The Netherlands",
        "region": "North Brabant",
        "elevation_m": null,
        "population": 6345,
        "feature_type": "section of populated place",
        "geoname_id": 2757685
      }
    },
    {
      "type": "Feature",
      "geometry": {
        "type": "Point",
        "coordinates": [
          5.19861,
          52.06667
        ]
      },
      "properties": {
        "name": "Bunnik",
        "country": "The Netherlands",
        "region": "Utrecht",
        "elevation_m": null,
        "population": 6315,
        "feature_type": "populated place",
        "geoname_id": 2758106
      }
    },
    {
      "type": "Feature",
      "geometry": {
        "type": "Point",
        "coordinates": [
          6.06791,
          53.09743
        ]
      },
      "properties": {
        "name": "De Drait",
        "country": "The Netherlands",
        "region": "Friesland",
        "elevation_m": null,
        "population": 6310,
        "feature_type": "section of populated place",
        "geoname_id": 2757683
      }
    },
    {
      "type": "Feature",
      "geometry": {
        "type": "Point",
        "coordinates": [
          4.94028,
          51.54417
        ]
      },
      "properties": {
        "name": "Gilze",
        "country": "The Netherlands",
        "region": "North Brabant",
        "elevation_m": null,
        "population": 6300,
        "feature_type": "populated place",
        "geoname_id": 2755507
      }
    },
    {
      "type": "Feature",
      "geometry": {
        "type": "Point",
        "coordinates": [
          5.77917,
          51.68833
        ]
      },
      "properties": {
        "name": "Mill",
        "country": "The Netherlands",
        "region": "North Brabant",
        "elevation_m": null,
        "population": 6289,
        "feature_type": "populated place",
        "geoname_id": 2750802
      }
    },
    {
      "type": "Feature",
      "geometry": {
        "type": "Point",
        "coordinates": [
          5.60556,
          51.88833
        ]
      },
      "properties": {
        "name": "Druten",
        "country": "The Netherlands",
        "region": "Gelderland",
        "elevation_m": null,
        "population": 6270,
        "feature_type": "populated place",
        "geoname_id": 2756539
      }
    },
    {
      "type": "Feature",
      "geometry": {
        "type": "Point",
        "coordinates": [
          5.72309,
          50.82454
        ]
      },
      "properties": {
        "name": "De Heeg",
        "country": "The Netherlands",
        "region": "Limburg",
        "elevation_m": null,
        "population": 6255,
        "feature_type": "section of populated place",
        "geoname_id": 2757575
      }
    },
    {
      "type": "Feature",
      "geometry": {
        "type": "Point",
        "coordinates": [
          5.10694,
          52.23917
        ]
      },
      "properties": {
        "name": "Kortenhoef",
        "country": "The Netherlands",
        "region": "North Holland",
        "elevation_m": null,
        "population": 6250,
        "feature_type": "populated place",
        "geoname_id": 2752409
      }
    },
    {
      "type": "Feature",
      "geometry": {
        "type": "Point",
        "coordinates": [
          4.48504,
          52.05176
        ]
      },
      "properties": {
        "name": "Driemanspolder",
        "country": "The Netherlands",
        "region": "South Holland",
        "elevation_m": null,
        "population": 6250,
        "feature_type": "section of populated place",
        "geoname_id": 2756587
      }
    },
    {
      "type": "Feature",
      "geometry": {
        "type": "Point",
        "coordinates": [
          5.06944,
          52.33
        ]
      },
      "properties": {
        "name": "Muiden",
        "country": "The Netherlands",
        "region": "North Holland",
        "elevation_m": null,
        "population": 6223,
        "feature_type": "populated place",
        "geoname_id": 2750569
      }
    },
    {
      "type": "Feature",
      "geometry": {
        "type": "Point",
        "coordinates": [
          3.62624,
          51.49299
        ]
      },
      "properties": {
        "name": "Dauwendaele",
        "country": "The Netherlands",
        "region": "Zeeland",
        "elevation_m": null,
        "population": 6220,
        "feature_type": "section of populated place",
        "geoname_id": 2757823
      }
    },
    {
      "type": "Feature",
      "geometry": {
        "type": "Point",
        "coordinates": [
          4.80833,
          52.68667
        ]
      },
      "properties": {
        "name": "Zuid-Scharwoude",
        "country": "The Netherlands",
        "region": "North Holland",
        "elevation_m": null,
        "population": 6165,
        "feature_type": "populated place",
        "geoname_id": 2743658
      }
    },
    {
      "type": "Feature",
      "geometry": {
        "type": "Point",
        "coordinates": [
          6.06806,
          52.525
        ]
      },
      "properties": {
        "name": "Frankhuis",
        "country": "The Netherlands",
        "region": "Overijssel",
        "elevation_m": null,
        "population": 6145,
        "feature_type": "section of populated place",
        "geoname_id": 2755840
      }
    },
    {
      "type": "Feature",
      "geometry": {
        "type": "Point",
        "coordinates": [
          6.07778,
          51.28417
        ]
      },
      "properties": {
        "name": "Reuver",
        "country": "The Netherlands",
        "region": "Limburg",
        "elevation_m": null,
        "population": 6140,
        "feature_type": "populated place",
        "geoname_id": 2748208
      }
    },
    {
      "type": "Feature",
      "geometry": {
        "type": "Point",
        "coordinates": [
          5.04932,
          51.56038
        ]
      },
      "properties": {
        "name": "De Reit",
        "country": "The Netherlands",
        "region": "North Brabant",
        "elevation_m": null,
        "population": 6105,
        "feature_type": "section of populated place",
        "geoname_id": 2757108
      }
    },
    {
      "type": "Feature",
      "geometry": {
        "type": "Point",
        "coordinates": [
          5.79574,
          53.21551
        ]
      },
      "properties": {
        "name": "Bilgaard",
        "country": "The Netherlands",
        "region": "Friesland",
        "elevation_m": null,
        "population": 6105,
        "feature_type": "section of populated place",
        "geoname_id": 2758930
      }
    },
    {
      "type": "Feature",
      "geometry": {
        "type": "Point",
        "coordinates": [
          5.5625,
          51.70417
        ]
      },
      "properties": {
        "name": "Nistelrode",
        "country": "The Netherlands",
        "region": "North Brabant",
        "elevation_m": null,
        "population": 6090,
        "feature_type": "populated place",
        "geoname_id": 2750031
      }
    },
    {
      "type": "Feature",
      "geometry": {
        "type": "Point",
        "coordinates": [
          6.57978,
          53.19794
        ]
      },
      "properties": {
        "name": "Helpman",
        "country": "The Netherlands",
        "region": "Groningen",
        "elevation_m": null,
        "population": 6050,
        "feature_type": "section of populated place",
        "geoname_id": 2754444
      }
    },
    {
      "type": "Feature",
      "geometry": {
        "type": "Point",
        "coordinates": [
          4.78333,
          52.66
        ]
      },
      "properties": {
        "name": "Sint Pancras",
        "country": "The Netherlands",
        "region": "North Holland",
        "elevation_m": null,
        "population": 6050,
        "feature_type": "populated place",
        "geoname_id": 2747225
      }
    },
    {
      "type": "Feature",
      "geometry": {
        "type": "Point",
        "coordinates": [
          4.7375,
          52.7225
        ]
      },
      "properties": {
        "name": "Warmenhuizen",
        "country": "The Netherlands",
        "region": "North Holland",
        "elevation_m": null,
        "population": 6030,
        "feature_type": "populated place",
        "geoname_id": 2745014
      }
    },
    {
      "type": "Feature",
      "geometry": {
        "type": "Point",
        "coordinates": [
          5.04465,
          51.54626
        ]
      },
      "properties": {
        "name": "De Blaak",
        "country": "The Netherlands",
        "region": "North Brabant",
        "elevation_m": null,
        "population": 6005,
        "feature_type": "section of populated place",
        "geoname_id": 2757777
      }
    },
    {
      "type": "Feature",
      "geometry": {
        "type": "Point",
        "coordinates": [
          4.50869,
          52.05579
        ]
      },
      "properties": {
        "name": "Palenstein",
        "country": "The Netherlands",
        "region": "South Holland",
        "elevation_m": null,
        "population": 6000,
        "feature_type": "section of populated place",
        "geoname_id": 2748760
      }
    },
    {
      "type": "Feature",
      "geometry": {
        "type": "Point",
        "coordinates": [
          6.89315,
          52.80071
        ]
      },
      "properties": {
        "name": "Emmermeer",
        "country": "The Netherlands",
        "region": "Drenthe",
        "elevation_m": null,
        "population": 5995,
        "feature_type": "section of populated place",
        "geoname_id": 2756127
      }
    },
    {
      "type": "Feature",
      "geometry": {
        "type": "Point",
        "coordinates": [
          5.13889,
          52.19917
        ]
      },
      "properties": {
        "name": "Nieuw-Loosdrecht",
        "country": "The Netherlands",
        "region": "North Holland",
        "elevation_m": null,
        "population": 5970,
        "feature_type": "populated place",
        "geoname_id": 2750158
      }
    },
    {
      "type": "Feature",
      "geometry": {
        "type": "Point",
        "coordinates": [
          5.63194,
          51.74583
        ]
      },
      "properties": {
        "name": "Schaijk",
        "country": "The Netherlands",
        "region": "North Brabant",
        "elevation_m": null,
        "population": 5970,
        "feature_type": "populated place",
        "geoname_id": 2747713
      }
    },
    {
      "type": "Feature",
      "geometry": {
        "type": "Point",
        "coordinates": [
          4.42222,
          52.19417
        ]
      },
      "properties": {
        "name": "Katwijk",
        "country": "The Netherlands",
        "region": "South Holland",
        "elevation_m": null,
        "population": 5940,
        "feature_type": "populated place",
        "geoname_id": 2753011
      }
    },
    {
      "type": "Feature",
      "geometry": {
        "type": "Point",
        "coordinates": [
          6.45,
          52.08833
        ]
      },
      "properties": {
        "name": "Ruurlo",
        "country": "The Netherlands",
        "region": "Gelderland",
        "elevation_m": null,
        "population": 5940,
        "feature_type": "populated place",
        "geoname_id": 2747792
      }
    },
    {
      "type": "Feature",
      "geometry": {
        "type": "Point",
        "coordinates": [
          4.26038,
          52.09078
        ]
      },
      "properties": {
        "name": "Duindorp",
        "country": "The Netherlands",
        "region": "South Holland",
        "elevation_m": null,
        "population": 5935,
        "feature_type": "section of populated place",
        "geoname_id": 2756526
      }
    },
    {
      "type": "Feature",
      "geometry": {
        "type": "Point",
        "coordinates": [
          3.93472,
          51.81167
        ]
      },
      "properties": {
        "name": "Ouddorp",
        "country": "The Netherlands",
        "region": "South Holland",
        "elevation_m": null,
        "population": 5930,
        "feature_type": "populated place",
        "geoname_id": 2749164
      }
    },
    {
      "type": "Feature",
      "geometry": {
        "type": "Point",
        "coordinates": [
          4.75417,
          51.64333
        ]
      },
      "properties": {
        "name": "Terheijden",
        "country": "The Netherlands",
        "region": "North Brabant",
        "elevation_m": null,
        "population": 5910,
        "feature_type": "populated place",
        "geoname_id": 2746456
      }
    },
    {
      "type": "Feature",
      "geometry": {
        "type": "Point",
        "coordinates": [
          5.99879,
          52.18767
        ]
      },
      "properties": {
        "name": "Matenveld",
        "country": "The Netherlands",
        "region": "Gelderland",
        "elevation_m": 11,
        "population": 5895,
        "feature_type": "section of populated place",
        "geoname_id": 6621507
      }
    },
    {
      "type": "Feature",
      "geometry": {
        "type": "Point",
        "coordinates": [
          4.95278,
          51.81583
        ]
      },
      "properties": {
        "name": "Sleeuwijk",
        "country": "The Netherlands",
        "region": "North Brabant",
        "elevation_m": null,
        "population": 5859,
        "feature_type": "populated place",
        "geoname_id": 2747178
      }
    },
    {
      "type": "Feature",
      "geometry": {
        "type": "Point",
        "coordinates": [
          6.2875,
          52.25
        ]
      },
      "properties": {
        "name": "Bathmen",
        "country": "The Netherlands",
        "region": "Overijssel",
        "elevation_m": null,
        "population": 5815,
        "feature_type": "populated place",
        "geoname_id": 2759381
      }
    },
    {
      "type": "Feature",
      "geometry": {
        "type": "Point",
        "coordinates": [
          4.325,
          51.42417
        ]
      },
      "properties": {
        "name": "Hoogerheide",
        "country": "The Netherlands",
        "region": "North Brabant",
        "elevation_m": null,
        "population": 5810,
        "feature_type": "populated place",
        "geoname_id": 2753725
      }
    },
    {
      "type": "Feature",
      "geometry": {
        "type": "Point",
        "coordinates": [
          4.21944,
          52.02417
        ]
      },
      "properties": {
        "name": "Poeldijk",
        "country": "The Netherlands",
        "region": "South Holland",
        "elevation_m": null,
        "population": 5800,
        "feature_type": "populated place",
        "geoname_id": 2748533
      }
    },
    {
      "type": "Feature",
      "geometry": {
        "type": "Point",
        "coordinates": [
          5.84271,
          53.1734
        ]
      },
      "properties": {
        "name": "Zuiderburen",
        "country": "The Netherlands",
        "region": "Friesland",
        "elevation_m": null,
        "population": 5790,
        "feature_type": "populated locality",
        "geoname_id": 2743774
      }
    },
    {
      "type": "Feature",
      "geometry": {
        "type": "Point",
        "coordinates": [
          6.34861,
          52.00667
        ]
      },
      "properties": {
        "name": "Zelhem",
        "country": "The Netherlands",
        "region": "Gelderland",
        "elevation_m": null,
        "population": 5760,
        "feature_type": "populated place",
        "geoname_id": 2743963
      }
    },
    {
      "type": "Feature",
      "geometry": {
        "type": "Point",
        "coordinates": [
          4.89722,
          52.19667
        ]
      },
      "properties": {
        "name": "Wilnis",
        "country": "The Netherlands",
        "region": "Utrecht",
        "elevation_m": null,
        "population": 5715,
        "feature_type": "populated place",
        "geoname_id": 2744376
      }
    },
    {
      "type": "Feature",
      "geometry": {
        "type": "Point",
        "coordinates": [
          4.80556,
          52.67417
        ]
      },
      "properties": {
        "name": "Broek op Langedijk",
        "country": "The Netherlands",
        "region": "North Holland",
        "elevation_m": null,
        "population": 5695,
        "feature_type": "populated place",
        "geoname_id": 2758245
      }
    },
    {
      "type": "Feature",
      "geometry": {
        "type": "Point",
        "coordinates": [
          4.90694,
          52.67583
        ]
      },
      "properties": {
        "name": "Obdam",
        "country": "The Netherlands",
        "region": "North Holland",
        "elevation_m": null,
        "population": 5690,
        "feature_type": "populated place",
        "geoname_id": 2749745
      }
    },
    {
      "type": "Feature",
      "geometry": {
        "type": "Point",
        "coordinates": [
          5.88627,
          51.13929
        ]
      },
      "properties": {
        "name": "Maasbracht",
        "country": "The Netherlands",
        "region": "Limburg",
        "elevation_m": null,
        "population": 5680,
        "feature_type": "populated place",
        "geoname_id": 2751303
      }
    },
    {
      "type": "Feature",
      "geometry": {
        "type": "Point",
        "coordinates": [
          4.81111,
          52.69833
        ]
      },
      "properties": {
        "name": "Noord-Scharwoude",
        "country": "The Netherlands",
        "region": "North Holland",
        "elevation_m": null,
        "population": 5665,
        "feature_type": "populated place",
        "geoname_id": 2749835
      }
    },
    {
      "type": "Feature",
      "geometry": {
        "type": "Point",
        "coordinates": [
          5.13575,
          52.21755
        ]
      },
      "properties": {
        "name": "Kerkelanden",
        "country": "The Netherlands",
        "region": "North Holland",
        "elevation_m": null,
        "population": 5655,
        "feature_type": "section of populated place",
        "geoname_id": 2752937
      }
    },
    {
      "type": "Feature",
      "geometry": {
        "type": "Point",
        "coordinates": [
          5.83745,
          53.09456
        ]
      },
      "properties": {
        "name": "Grou",
        "country": "The Netherlands",
        "region": "Friesland",
        "elevation_m": null,
        "population": 5655,
        "feature_type": "seat of a second-order administrative division",
        "geoname_id": 2755052
      }
    },
    {
      "type": "Feature",
      "geometry": {
        "type": "Point",
        "coordinates": [
          5.75,
          50.8875
        ]
      },
      "properties": {
        "name": "Meerssen",
        "country": "The Netherlands",
        "region": "Limburg",
        "elevation_m": null,
        "population": 5650,
        "feature_type": "populated place",
        "geoname_id": 2751037
      }
    },
    {
      "type": "Feature",
      "geometry": {
        "type": "Point",
        "coordinates": [
          6.13472,
          52.38667
        ]
      },
      "properties": {
        "name": "Wijhe",
        "country": "The Netherlands",
        "region": "Overijssel",
        "elevation_m": null,
        "population": 5640,
        "feature_type": "populated place",
        "geoname_id": 2744489
      }
    },
    {
      "type": "Feature",
      "geometry": {
        "type": "Point",
        "coordinates": [
          5.97222,
          51.95583
        ]
      },
      "properties": {
        "name": "Westervoort",
        "country": "The Netherlands",
        "region": "Gelderland",
        "elevation_m": null,
        "population": 5635,
        "feature_type": "populated place",
        "geoname_id": 2744675
      }
    },
    {
      "type": "Feature",
      "geometry": {
        "type": "Point",
        "coordinates": [
          5.97083,
          51.8775
        ]
      },
      "properties": {
        "name": "Gendt",
        "country": "The Netherlands",
        "region": "Gelderland",
        "elevation_m": null,
        "population": 5590,
        "feature_type": "populated place",
        "geoname_id": 2755597
      }
    },
    {
      "type": "Feature",
      "geometry": {
        "type": "Point",
        "coordinates": [
          6.11528,
          51.3125
        ]
      },
      "properties": {
        "name": "Belfeld",
        "country": "The Netherlands",
        "region": "Limburg",
        "elevation_m": null,
        "population": 5575,
        "feature_type": "populated place",
        "geoname_id": 2759256
      }
    },
    {
      "type": "Feature",
      "geometry": {
        "type": "Point",
        "coordinates": [
          5.99785,
          53.29046
        ]
      },
      "properties": {
        "name": "Damwâld",
        "country": "The Netherlands",
        "region": "Friesland",
        "elevation_m": null,
        "population": 5560,
        "feature_type": "populated place",
        "geoname_id": 2757838
      }
    },
    {
      "type": "Feature",
      "geometry": {
        "type": "Point",
        "coordinates": [
          6.17031,
          53.18477
        ]
      },
      "properties": {
        "name": "Surhuisterveen",
        "country": "The Netherlands",
        "region": "Friesland",
        "elevation_m": null,
        "population": 5550,
        "feature_type": "populated place",
        "geoname_id": 2746558
      }
    },
    {
      "type": "Feature",
      "geometry": {
        "type": "Point",
        "coordinates": [
          6.16806,
          51.41167
        ]
      },
      "properties": {
        "name": "Velden",
        "country": "The Netherlands",
        "region": "Limburg",
        "elevation_m": null,
        "population": 5535,
        "feature_type": "populated place",
        "geoname_id": 2745717
      }
    },
    {
      "type": "Feature",
      "geometry": {
        "type": "Point",
        "coordinates": [
          6,
          51.31917
        ]
      },
      "properties": {
        "name": "Helden",
        "country": "The Netherlands",
        "region": "Limburg",
        "elevation_m": null,
        "population": 5530,
        "feature_type": "populated place",
        "geoname_id": 2754482
      }
    },
    {
      "type": "Feature",
      "geometry": {
        "type": "Point",
        "coordinates": [
          6.15293,
          53.27695
        ]
      },
      "properties": {
        "name": "Kollum",
        "country": "The Netherlands",
        "region": "Friesland",
        "elevation_m": null,
        "population": 5529,
        "feature_type": "populated place",
        "geoname_id": 2752524
      }
    },
    {
      "type": "Feature",
      "geometry": {
        "type": "Point",
        "coordinates": [
          4.95278,
          52.04583
        ]
      },
      "properties": {
        "name": "Montfoort",
        "country": "The Netherlands",
        "region": "Utrecht",
        "elevation_m": null,
        "population": 5500,
        "feature_type": "populated place",
        "geoname_id": 2750626
      }
    },
    {
      "type": "Feature",
      "geometry": {
        "type": "Point",
        "coordinates": [
          5.73194,
          50.89667
        ]
      },
      "properties": {
        "name": "Bunde",
        "country": "The Netherlands",
        "region": "Limburg",
        "elevation_m": null,
        "population": 5500,
        "feature_type": "populated place",
        "geoname_id": 2758111
      }
    },
    {
      "type": "Feature",
      "geometry": {
        "type": "Point",
        "coordinates": [
          5.23611,
          52.0525
        ]
      },
      "properties": {
        "name": "Odijk",
        "country": "The Netherlands",
        "region": "Utrecht",
        "elevation_m": null,
        "population": 5480,
        "feature_type": "populated place",
        "geoname_id": 2749736
      }
    },
    {
      "type": "Feature",
      "geometry": {
        "type": "Point",
        "coordinates": [
          5.675,
          51.60333
        ]
      },
      "properties": {
        "name": "Boekel",
        "country": "The Netherlands",
        "region": "North Brabant",
        "elevation_m": null,
        "population": 5480,
        "feature_type": "populated place",
        "geoname_id": 2758759
      }
    },
    {
      "type": "Feature",
      "geometry": {
        "type": "Point",
        "coordinates": [
          5.63194,
          51.93167
        ]
      },
      "properties": {
        "name": "Opheusden",
        "country": "The Netherlands",
        "region": "Gelderland",
        "elevation_m": null,
        "population": 5460,
        "feature_type": "populated place",
        "geoname_id": 2749296
      }
    },
    {
      "type": "Feature",
      "geometry": {
        "type": "Point",
        "coordinates": [
          6.45833,
          51.94333
        ]
      },
      "properties": {
        "name": "Varsseveld",
        "country": "The Netherlands",
        "region": "Gelderland",
        "elevation_m": null,
        "population": 5450,
        "feature_type": "populated place",
        "geoname_id": 2745800
      }
    },
    {
      "type": "Feature",
      "geometry": {
        "type": "Point",
        "coordinates": [
          4.45864,
          52.14059
        ]
      },
      "properties": {
        "name": "Noord-Hofland",
        "country": "The Netherlands",
        "region": "South Holland",
        "elevation_m": null,
        "population": 5445,
        "feature_type": "section of populated place",
        "geoname_id": 2749881
      }
    },
    {
      "type": "Feature",
      "geometry": {
        "type": "Point",
        "coordinates": [
          4.53472,
          51.665
        ]
      },
      "properties": {
        "name": "Klundert",
        "country": "The Netherlands",
        "region": "North Brabant",
        "elevation_m": null,
        "population": 5405,
        "feature_type": "populated place",
        "geoname_id": 2752600
      }
    },
    {
      "type": "Feature",
      "geometry": {
        "type": "Point",
        "coordinates": [
          5.45417,
          52.23
        ]
      },
      "properties": {
        "name": "Doornsteeg",
        "country": "The Netherlands",
        "region": "Gelderland",
        "elevation_m": null,
        "population": 5400,
        "feature_type": "populated place",
        "geoname_id": 2756675
      }
    },
    {
      "type": "Feature",
      "geometry": {
        "type": "Point",
        "coordinates": [
          5.41544,
          51.43916
        ]
      },
      "properties": {
        "name": "Grasrijk",
        "country": "The Netherlands",
        "region": "North Brabant",
        "elevation_m": null,
        "population": 5375,
        "feature_type": "section of populated place",
        "geoname_id": 6695505
      }
    },
    {
      "type": "Feature",
      "geometry": {
        "type": "Point",
        "coordinates": [
          4.7931,
          51.56593
        ]
      },
      "properties": {
        "name": "Ginneken",
        "country": "The Netherlands",
        "region": "North Brabant",
        "elevation_m": null,
        "population": 5370,
        "feature_type": "section of populated place",
        "geoname_id": 2755498
      }
    },
    {
      "type": "Feature",
      "geometry": {
        "type": "Point",
        "coordinates": [
          4.83056,
          51.56583
        ]
      },
      "properties": {
        "name": "Bavel",
        "country": "The Netherlands",
        "region": "North Brabant",
        "elevation_m": null,
        "population": 5360,
        "feature_type": "section of populated place",
        "geoname_id": 2759373
      }
    },
    {
      "type": "Feature",
      "geometry": {
        "type": "Point",
        "coordinates": [
          5.65419,
          50.86244
        ]
      },
      "properties": {
        "name": "Malberg",
        "country": "The Netherlands",
        "region": "Limburg",
        "elevation_m": null,
        "population": 5345,
        "feature_type": "section of populated place",
        "geoname_id": 2751247
      }
    },
    {
      "type": "Feature",
      "geometry": {
        "type": "Point",
        "coordinates": [
          5.40278,
          51.41833
        ]
      },
      "properties": {
        "name": "Veldhoven",
        "country": "The Netherlands",
        "region": "North Brabant",
        "elevation_m": null,
        "population": 5340,
        "feature_type": "populated place",
        "geoname_id": 2745706
      }
    },
    {
      "type": "Feature",
      "geometry": {
        "type": "Point",
        "coordinates": [
          4.85489,
          51.82879
        ]
      },
      "properties": {
        "name": "Neder-Hardinxveld",
        "country": "The Netherlands",
        "region": "South Holland",
        "elevation_m": null,
        "population": 5335,
        "feature_type": "section of populated place",
        "geoname_id": 2750484
      }
    },
    {
      "type": "Feature",
      "geometry": {
        "type": "Point",
        "coordinates": [
          4.45972,
          51.58667
        ]
      },
      "properties": {
        "name": "Oud Gastel",
        "country": "The Netherlands",
        "region": "North Brabant",
        "elevation_m": null,
        "population": 5305,
        "feature_type": "populated place",
        "geoname_id": 2748956
      }
    },
    {
      "type": "Feature",
      "geometry": {
        "type": "Point",
        "coordinates": [
          4.78472,
          51.57333
        ]
      },
      "properties": {
        "name": "Zandberg",
        "country": "The Netherlands",
        "region": "North Brabant",
        "elevation_m": null,
        "population": 5300,
        "feature_type": "section of populated place",
        "geoname_id": 2744093
      }
    },
    {
      "type": "Feature",
      "geometry": {
        "type": "Point",
        "coordinates": [
          5.57463,
          51.41742
        ]
      },
      "properties": {
        "name": "Coevering",
        "country": "The Netherlands",
        "region": "North Brabant",
        "elevation_m": null,
        "population": 5290,
        "feature_type": "section of populated place",
        "geoname_id": 2757938
      }
    },
    {
      "type": "Feature",
      "geometry": {
        "type": "Point",
        "coordinates": [
          5.41566,
          51.42421
        ]
      },
      "properties": {
        "name": "Zeelst",
        "country": "The Netherlands",
        "region": "North Brabant",
        "elevation_m": null,
        "population": 5280,
        "feature_type": "section of populated place",
        "geoname_id": 2744006
      }
    },
    {
      "type": "Feature",
      "geometry": {
        "type": "Point",
        "coordinates": [
          6.05417,
          51.60333
        ]
      },
      "properties": {
        "name": "Nieuw-Bergen",
        "country": "The Netherlands",
        "region": "Limburg",
        "elevation_m": null,
        "population": 5270,
        "feature_type": "populated place",
        "geoname_id": 2750366
      }
    },
    {
      "type": "Feature",
      "geometry": {
        "type": "Point",
        "coordinates": [
          4.83583,
          51.83257
        ]
      },
      "properties": {
        "name": "Giessendam",
        "country": "The Netherlands",
        "region": "South Holland",
        "elevation_m": null,
        "population": 5235,
        "feature_type": "populated place",
        "geoname_id": 2755531
      }
    },
    {
      "type": "Feature",
      "geometry": {
        "type": "Point",
        "coordinates": [
          6.01115,
          52.19766
        ]
      },
      "properties": {
        "name": "Matendonk",
        "country": "The Netherlands",
        "region": "Gelderland",
        "elevation_m": null,
        "population": 5225,
        "feature_type": "section of populated place",
        "geoname_id": 6621509
      }
    },
    {
      "type": "Feature",
      "geometry": {
        "type": "Point",
        "coordinates": [
          6.09444,
          51.33083
        ]
      },
      "properties": {
        "name": "Baarlo",
        "country": "The Netherlands",
        "region": "Limburg",
        "elevation_m": null,
        "population": 5215,
        "feature_type": "populated place",
        "geoname_id": 2759549
      }
    },
    {
      "type": "Feature",
      "geometry": {
        "type": "Point",
        "coordinates": [
          5.40556,
          52.1175
        ]
      },
      "properties": {
        "name": "Leusden-Zuid",
        "country": "The Netherlands",
        "region": "Utrecht",
        "elevation_m": null,
        "population": 5210,
        "feature_type": "populated place",
        "geoname_id": 2751686
      }
    },
    {
      "type": "Feature",
      "geometry": {
        "type": "Point",
        "coordinates": [
          5.46667,
          51.48333
        ]
      },
      "properties": {
        "name": "Woenselse Heide",
        "country": "The Netherlands",
        "region": "North Brabant",
        "elevation_m": null,
        "population": 5205,
        "feature_type": "section of populated place",
        "geoname_id": 2744250
      }
    },
    {
      "type": "Feature",
      "geometry": {
        "type": "Point",
        "coordinates": [
          5.49806,
          51.47954
        ]
      },
      "properties": {
        "name": "Vaartbroek",
        "country": "The Netherlands",
        "region": "North Brabant",
        "elevation_m": null,
        "population": 5200,
        "feature_type": "populated place",
        "geoname_id": 2745896
      }
    },
    {
      "type": "Feature",
      "geometry": {
        "type": "Point",
        "coordinates": [
          5.63382,
          51.5289
        ]
      },
      "properties": {
        "name": "Beek",
        "country": "The Netherlands",
        "region": "North Brabant",
        "elevation_m": null,
        "population": 5185,
        "feature_type": "populated place",
        "geoname_id": 2759349
      }
    },
    {
      "type": "Feature",
      "geometry": {
        "type": "Point",
        "coordinates": [
          5.88472,
          51.34417
        ]
      },
      "properties": {
        "name": "Meijel",
        "country": "The Netherlands",
        "region": "Limburg",
        "elevation_m": null,
        "population": 5180,
        "feature_type": "populated place",
        "geoname_id": 2750995
      }
    },
    {
      "type": "Feature",
      "geometry": {
        "type": "Point",
        "coordinates": [
          6.2625,
          53.14417
        ]
      },
      "properties": {
        "name": "Marum",
        "country": "The Netherlands",
        "region": "Groningen",
        "elevation_m": null,
        "population": 5170,
        "feature_type": "populated place",
        "geoname_id": 2751111
      }
    },
    {
      "type": "Feature",
      "geometry": {
        "type": "Point",
        "coordinates": [
          4.8193,
          51.58811
        ]
      },
      "properties": {
        "name": "Heusdenhout",
        "country": "The Netherlands",
        "region": "North Brabant",
        "elevation_m": null,
        "population": 5160,
        "feature_type": "section of populated place",
        "geoname_id": 2754132
      }
    },
    {
      "type": "Feature",
      "geometry": {
        "type": "Point",
        "coordinates": [
          4.64541,
          52.05154
        ]
      },
      "properties": {
        "name": "Groenswaard",
        "country": "The Netherlands",
        "region": "South Holland",
        "elevation_m": null,
        "population": 5160,
        "feature_type": "section of populated place",
        "geoname_id": 6948947
      }
    },
    {
      "type": "Feature",
      "geometry": {
        "type": "Point",
        "coordinates": [
          4.2479,
          52.07631
        ]
      },
      "properties": {
        "name": "Vogelwijk",
        "country": "The Netherlands",
        "region": "South Holland",
        "elevation_m": null,
        "population": 5155,
        "feature_type": "section of populated place",
        "geoname_id": 2745351
      }
    },
    {
      "type": "Feature",
      "geometry": {
        "type": "Point",
        "coordinates": [
          4.59861,
          52.32083
        ]
      },
      "properties": {
        "name": "Bennebroek",
        "country": "The Netherlands",
        "region": "North Holland",
        "elevation_m": null,
        "population": 5140,
        "feature_type": "populated place",
        "geoname_id": 2759199
      }
    },
    {
      "type": "Feature",
      "geometry": {
        "type": "Point",
        "coordinates": [
          5.63839,
          51.50976
        ]
      },
      "properties": {
        "name": "Aarle-Rixtel",
        "country": "The Netherlands",
        "region": "North Brabant",
        "elevation_m": null,
        "population": 5125,
        "feature_type": "populated place",
        "geoname_id": 6698718
      }
    },
    {
      "type": "Feature",
      "geometry": {
        "type": "Point",
        "coordinates": [
          6.14483,
          53.25166
        ]
      },
      "properties": {
        "name": "Buitenpost",
        "country": "The Netherlands",
        "region": "Friesland",
        "elevation_m": null,
        "population": 5120,
        "feature_type": "populated place",
        "geoname_id": 2758131
      }
    },
    {
      "type": "Feature",
      "geometry": {
        "type": "Point",
        "coordinates": [
          4.94444,
          51.68667
        ]
      },
      "properties": {
        "name": "Waspik",
        "country": "The Netherlands",
        "region": "North Brabant",
        "elevation_m": null,
        "population": 5120,
        "feature_type": "populated place",
        "geoname_id": 2744994
      }
    },
    {
      "type": "Feature",
      "geometry": {
        "type": "Point",
        "coordinates": [
          6.51146,
          52.72339
        ]
      },
      "properties": {
        "name": "Krakeel",
        "country": "The Netherlands",
        "region": "Drenthe",
        "elevation_m": null,
        "population": 5105,
        "feature_type": "section of populated place",
        "geoname_id": 2752317
      }
    },
    {
      "type": "Feature",
      "geometry": {
        "type": "Point",
        "coordinates": [
          4.36944,
          51.635
        ]
      },
      "properties": {
        "name": "Dinteloord",
        "country": "The Netherlands",
        "region": "North Brabant",
        "elevation_m": null,
        "population": 5105,
        "feature_type": "populated place",
        "geoname_id": 2756800
      }
    },
    {
      "type": "Feature",
      "geometry": {
        "type": "Point",
        "coordinates": [
          5.45972,
          52.0025
        ]
      },
      "properties": {
        "name": "Amerongen",
        "country": "The Netherlands",
        "region": "Utrecht",
        "elevation_m": null,
        "population": 5085,
        "feature_type": "populated place",
        "geoname_id": 2759828
      }
    },
    {
      "type": "Feature",
      "geometry": {
        "type": "Point",
        "coordinates": [
          3.675,
          51.50167
        ]
      },
      "properties": {
        "name": "Arnemuiden",
        "country": "The Netherlands",
        "region": "Zeeland",
        "elevation_m": null,
        "population": 5075,
        "feature_type": "populated place",
        "geoname_id": 2759664
      }
    },
    {
      "type": "Feature",
      "geometry": {
        "type": "Point",
        "coordinates": [
          5.24167,
          52.2725
        ]
      },
      "properties": {
        "name": "Blaricum",
        "country": "The Netherlands",
        "region": "North Holland",
        "elevation_m": null,
        "population": 5060,
        "feature_type": "populated place",
        "geoname_id": 2758868
      }
    },
    {
      "type": "Feature",
      "geometry": {
        "type": "Point",
        "coordinates": [
          4.46025,
          52.15616
        ]
      },
      "properties": {
        "name": "Hoge Mors",
        "country": "The Netherlands",
        "region": "South Holland",
        "elevation_m": null,
        "population": 5050,
        "feature_type": "section of populated place",
        "geoname_id": 2753939
      }
    },
    {
      "type": "Feature",
      "geometry": {
        "type": "Point",
        "coordinates": [
          6.04861,
          51.3575
        ]
      },
      "properties": {
        "name": "Maasbree",
        "country": "The Netherlands",
        "region": "Limburg",
        "elevation_m": null,
        "population": 5045,
        "feature_type": "populated place",
        "geoname_id": 2751301
      }
    },
    {
      "type": "Feature",
      "geometry": {
        "type": "Point",
        "coordinates": [
          6.0375,
          51.4125
        ]
      },
      "properties": {
        "name": "Sevenum",
        "country": "The Netherlands",
        "region": "Limburg",
        "elevation_m": null,
        "population": 5035,
        "feature_type": "populated place",
        "geoname_id": 2747382
      }
    },
    {
      "type": "Feature",
      "geometry": {
        "type": "Point",
        "coordinates": [
          6.0363,
          53.25731
        ]
      },
      "properties": {
        "name": "De Westereen",
        "country": "The Netherlands",
        "region": "Friesland",
        "elevation_m": null,
        "population": 5030,
        "feature_type": "populated place",
        "geoname_id": 2743590
      }
    },
    {
      "type": "Feature",
      "geometry": {
        "type": "Point",
        "coordinates": [
          5.69306,
          52.455
        ]
      },
      "properties": {
        "name": "Biddinghuizen",
        "country": "The Netherlands",
        "region": "Flevoland",
        "elevation_m": null,
        "population": 5010,
        "feature_type": "populated place",
        "geoname_id": 2758992
      }
    },
    {
      "type": "Feature",
      "geometry": {
        "type": "Point",
        "coordinates": [
          4.73333,
          52.56083
        ]
      },
      "properties": {
        "name": "Akersloot",
        "country": "The Netherlands",
        "region": "North Holland",
        "elevation_m": null,
        "population": 5010,
        "feature_type": "populated place",
        "geoname_id": 2759931
      }
    },
    {
      "type": "Feature",
      "geometry": {
        "type": "Point",
        "coordinates": [
          4.21389,
          51.95917
        ]
      },
      "properties": {
        "name": "Maasdijk",
        "country": "The Netherlands",
        "region": "South Holland",
        "elevation_m": null,
        "population": 5000,
        "feature_type": "populated place",
        "geoname_id": 2751296
      }
    },
    {
      "type": "Feature",
      "geometry": {
        "type": "Point",
        "coordinates": [
          5.96721,
          52.19777
        ]
      },
      "properties": {
        "name": "Vogelkwartier",
        "country": "The Netherlands",
        "region": "Gelderland",
        "elevation_m": 14,
        "population": 4975,
        "feature_type": "section of populated place",
        "geoname_id": 6621518
      }
    },
    {
      "type": "Feature",
      "geometry": {
        "type": "Point",
        "coordinates": [
          4.78515,
          51.60613
        ]
      },
      "properties": {
        "name": "Biesdonk",
        "country": "The Netherlands",
        "region": "North Brabant",
        "elevation_m": null,
        "population": 4970,
        "feature_type": "section of populated place",
        "geoname_id": 2758974
      }
    },
    {
      "type": "Feature",
      "geometry": {
        "type": "Point",
        "coordinates": [
          5.25694,
          51.36833
        ]
      },
      "properties": {
        "name": "Hapert",
        "country": "The Netherlands",
        "region": "North Brabant",
        "elevation_m": null,
        "population": 4955,
        "feature_type": "populated place",
        "geoname_id": 2754872
      }
    },
    {
      "type": "Feature",
      "geometry": {
        "type": "Point",
        "coordinates": [
          5.9927,
          51.52101
        ]
      },
      "properties": {
        "name": "Brukske",
        "country": "The Netherlands",
        "region": "Limburg",
        "elevation_m": null,
        "population": 4955,
        "feature_type": "section of populated place",
        "geoname_id": 2758180
      }
    },
    {
      "type": "Feature",
      "geometry": {
        "type": "Point",
        "coordinates": [
          6.67083,
          53.4075
        ]
      },
      "properties": {
        "name": "Uithuizen",
        "country": "The Netherlands",
        "region": "Groningen",
        "elevation_m": null,
        "population": 4935,
        "feature_type": "populated place",
        "geoname_id": 2745970
      }
    },
    {
      "type": "Feature",
      "geometry": {
        "type": "Point",
        "coordinates": [
          5.49282,
          51.51136
        ]
      },
      "properties": {
        "name": "Son",
        "country": "The Netherlands",
        "region": "North Brabant",
        "elevation_m": null,
        "population": 4930,
        "feature_type": "populated place",
        "geoname_id": 2747010
      }
    },
    {
      "type": "Feature",
      "geometry": {
        "type": "Point",
        "coordinates": [
          5.175,
          52.155
        ]
      },
      "properties": {
        "name": "Maartensdijk",
        "country": "The Netherlands",
        "region": "Utrecht",
        "elevation_m": null,
        "population": 4925,
        "feature_type": "populated place",
        "geoname_id": 2751310
      }
    },
    {
      "type": "Feature",
      "geometry": {
        "type": "Point",
        "coordinates": [
          6.01338,
          52.19056
        ]
      },
      "properties": {
        "name": "Matenhoeve",
        "country": "The Netherlands",
        "region": "Gelderland",
        "elevation_m": 9,
        "population": 4915,
        "feature_type": "section of populated place",
        "geoname_id": 6621508
      }
    },
    {
      "type": "Feature",
      "geometry": {
        "type": "Point",
        "coordinates": [
          4.37263,
          52.08534
        ]
      },
      "properties": {
        "name": "Essesteijn",
        "country": "The Netherlands",
        "region": "South Holland",
        "elevation_m": null,
        "population": 4900,
        "feature_type": "section of populated place",
        "geoname_id": 2756004
      }
    },
    {
      "type": "Feature",
      "geometry": {
        "type": "Point",
        "coordinates": [
          6.30972,
          52.105
        ]
      },
      "properties": {
        "name": "Vorden",
        "country": "The Netherlands",
        "region": "Gelderland",
        "elevation_m": null,
        "population": 4900,
        "feature_type": "populated place",
        "geoname_id": 2745258
      }
    },
    {
      "type": "Feature",
      "geometry": {
        "type": "Point",
        "coordinates": [
          5.95957,
          52.21304
        ]
      },
      "properties": {
        "name": "Binnenstad",
        "country": "The Netherlands",
        "region": "Gelderland",
        "elevation_m": 12,
        "population": 4900,
        "feature_type": "section of populated place",
        "geoname_id": 6621526
      }
    },
    {
      "type": "Feature",
      "geometry": {
        "type": "Point",
        "coordinates": [
          4.58333,
          51.57917
        ]
      },
      "properties": {
        "name": "Hoeven",
        "country": "The Netherlands",
        "region": "North Brabant",
        "elevation_m": null,
        "population": 4895,
        "feature_type": "populated place",
        "geoname_id": 2753982
      }
    },
    {
      "type": "Feature",
      "geometry": {
        "type": "Point",
        "coordinates": [
          6.06944,
          52.64083
        ]
      },
      "properties": {
        "name": "Zwartsluis",
        "country": "The Netherlands",
        "region": "Overijssel",
        "elevation_m": null,
        "population": 4890,
        "feature_type": "populated place",
        "geoname_id": 2743518
      }
    },
    {
      "type": "Feature",
      "geometry": {
        "type": "Point",
        "coordinates": [
          6.14583,
          51.42
        ]
      },
      "properties": {
        "name": "Grubbenvorst",
        "country": "The Netherlands",
        "region": "Limburg",
        "elevation_m": null,
        "population": 4885,
        "feature_type": "populated place",
        "geoname_id": 2755051
      }
    },
    {
      "type": "Feature",
      "geometry": {
        "type": "Point",
        "coordinates": [
          6.76389,
          53.005
        ]
      },
      "properties": {
        "name": "Gieten",
        "country": "The Netherlands",
        "region": "Drenthe",
        "elevation_m": null,
        "population": 4885,
        "feature_type": "populated place",
        "geoname_id": 2755527
      }
    },
    {
      "type": "Feature",
      "geometry": {
        "type": "Point",
        "coordinates": [
          4.73889,
          51.60167
        ]
      },
      "properties": {
        "name": "Gageldonk",
        "country": "The Netherlands",
        "region": "North Brabant",
        "elevation_m": null,
        "population": 4865,
        "feature_type": "populated place",
        "geoname_id": 2755774
      }
    },
    {
      "type": "Feature",
      "geometry": {
        "type": "Point",
        "coordinates": [
          4.46944,
          51.6375
        ]
      },
      "properties": {
        "name": "Fijnaart",
        "country": "The Netherlands",
        "region": "North Brabant",
        "elevation_m": null,
        "population": 4855,
        "feature_type": "populated place",
        "geoname_id": 2755911
      }
    },
    {
      "type": "Feature",
      "geometry": {
        "type": "Point",
        "coordinates": [
          6.3875,
          51.90917
        ]
      },
      "properties": {
        "name": "Silvolde",
        "country": "The Netherlands",
        "region": "Gelderland",
        "elevation_m": null,
        "population": 4850,
        "feature_type": "populated place",
        "geoname_id": 2747322
      }
    },
    {
      "type": "Feature",
      "geometry": {
        "type": "Point",
        "coordinates": [
          5.75556,
          51.95667
        ]
      },
      "properties": {
        "name": "Heteren",
        "country": "The Netherlands",
        "region": "Gelderland",
        "elevation_m": null,
        "population": 4805,
        "feature_type": "populated place",
        "geoname_id": 2754287
      }
    },
    {
      "type": "Feature",
      "geometry": {
        "type": "Point",
        "coordinates": [
          4.9625,
          52.9075
        ]
      },
      "properties": {
        "name": "Hippolytushoef",
        "country": "The Netherlands",
        "region": "North Holland",
        "elevation_m": null,
        "population": 4800,
        "feature_type": "populated place",
        "geoname_id": 2754050
      }
    },
    {
      "type": "Feature",
      "geometry": {
        "type": "Point",
        "coordinates": [
          4.89028,
          51.85083
        ]
      },
      "properties": {
        "name": "Giessenburg",
        "country": "The Netherlands",
        "region": "South Holland",
        "elevation_m": null,
        "population": 4800,
        "feature_type": "populated place",
        "geoname_id": 2755533
      }
    },
    {
      "type": "Feature",
      "geometry": {
        "type": "Point",
        "coordinates": [
          4.38889,
          51.88833
        ]
      },
      "properties": {
        "name": "Pernis",
        "country": "The Netherlands",
        "region": "South Holland",
        "elevation_m": null,
        "population": 4785,
        "feature_type": "populated place",
        "geoname_id": 2748647
      }
    },
    {
      "type": "Feature",
      "geometry": {
        "type": "Point",
        "coordinates": [
          6.10972,
          52.3375
        ]
      },
      "properties": {
        "name": "Olst",
        "country": "The Netherlands",
        "region": "Overijssel",
        "elevation_m": null,
        "population": 4780,
        "feature_type": "populated place",
        "geoname_id": 2749626
      }
    },
    {
      "type": "Feature",
      "geometry": {
        "type": "Point",
        "coordinates": [
          5.28472,
          52.19083
        ]
      },
      "properties": {
        "name": "Soestdijk",
        "country": "The Netherlands",
        "region": "Utrecht",
        "elevation_m": null,
        "population": 4780,
        "feature_type": "populated place",
        "geoname_id": 2747032
      }
    },
    {
      "type": "Feature",
      "geometry": {
        "type": "Point",
        "coordinates": [
          6.57117,
          53.1945
        ]
      },
      "properties": {
        "name": "De Wijert",
        "country": "The Netherlands",
        "region": "Groningen",
        "elevation_m": null,
        "population": 4765,
        "feature_type": "section of populated place",
        "geoname_id": 2756937
      }
    },
    {
      "type": "Feature",
      "geometry": {
        "type": "Point",
        "coordinates": [
          4.48254,
          51.90074
        ]
      },
      "properties": {
        "name": "Katendrecht",
        "country": "The Netherlands",
        "region": "South Holland",
        "elevation_m": null,
        "population": 4755,
        "feature_type": "section of populated place",
        "geoname_id": 2753045
      }
    },
    {
      "type": "Feature",
      "geometry": {
        "type": "Point",
        "coordinates": [
          5.67639,
          51.6975
        ]
      },
      "properties": {
        "name": "Zeeland",
        "country": "The Netherlands",
        "region": "North Brabant",
        "elevation_m": null,
        "population": 4750,
        "feature_type": "populated place",
        "geoname_id": 2744014
      }
    },
    {
      "type": "Feature",
      "geometry": {
        "type": "Point",
        "coordinates": [
          4.69722,
          52.70167
        ]
      },
      "properties": {
        "name": "Schoorl",
        "country": "The Netherlands",
        "region": "North Holland",
        "elevation_m": 7,
        "population": 4745,
        "feature_type": "populated place",
        "geoname_id": 2747492
      }
    },
    {
      "type": "Feature",
      "geometry": {
        "type": "Point",
        "coordinates": [
          6.85556,
          52.71167
        ]
      },
      "properties": {
        "name": "Nieuw-Amsterdam",
        "country": "The Netherlands",
        "region": "Drenthe",
        "elevation_m": null,
        "population": 4730,
        "feature_type": "populated place",
        "geoname_id": 2750375
      }
    },
    {
      "type": "Feature",
      "geometry": {
        "type": "Point",
        "coordinates": [
          4.93964,
          52.32941
        ]
      },
      "properties": {
        "name": "Duivendrecht",
        "country": "The Netherlands",
        "region": "North Holland",
        "elevation_m": null,
        "population": 4720,
        "feature_type": "populated place",
        "geoname_id": 2756504
      }
    },
    {
      "type": "Feature",
      "geometry": {
        "type": "Point",
        "coordinates": [
          6.25877,
          51.8767
        ]
      },
      "properties": {
        "name": "'s-Heerenberg",
        "country": "The Netherlands",
        "region": "Gelderland",
        "elevation_m": null,
        "population": 4720,
        "feature_type": "populated place",
        "geoname_id": 2747357
      }
    },
    {
      "type": "Feature",
      "geometry": {
        "type": "Point",
        "coordinates": [
          5.61667,
          51.31167
        ]
      },
      "properties": {
        "name": "Maarheeze",
        "country": "The Netherlands",
        "region": "North Brabant",
        "elevation_m": null,
        "population": 4715,
        "feature_type": "populated place",
        "geoname_id": 2751325
      }
    },
    {
      "type": "Feature",
      "geometry": {
        "type": "Point",
        "coordinates": [
          6.95,
          52.9625
        ]
      },
      "properties": {
        "name": "Nieuw-Buinen",
        "country": "The Netherlands",
        "region": "Drenthe",
        "elevation_m": null,
        "population": 4705,
        "feature_type": "populated place",
        "geoname_id": 2750362
      }
    },
    {
      "type": "Feature",
      "geometry": {
        "type": "Point",
        "coordinates": [
          5.92798,
          50.91283
        ]
      },
      "properties": {
        "name": "Nieuw-Lotbroek",
        "country": "The Netherlands",
        "region": "Limburg",
        "elevation_m": null,
        "population": 4691,
        "feature_type": "section of populated place",
        "geoname_id": 2750157
      }
    },
    {
      "type": "Feature",
      "geometry": {
        "type": "Point",
        "coordinates": [
          5.97917,
          50.96917
        ]
      },
      "properties": {
        "name": "Schinveld",
        "country": "The Netherlands",
        "region": "Limburg",
        "elevation_m": null,
        "population": 4685,
        "feature_type": "populated place",
        "geoname_id": 2747550
      }
    },
    {
      "type": "Feature",
      "geometry": {
        "type": "Point",
        "coordinates": [
          5.00139,
          51.815
        ]
      },
      "properties": {
        "name": "Woudrichem",
        "country": "The Netherlands",
        "region": "North Brabant",
        "elevation_m": null,
        "population": 4674,
        "feature_type": "populated place",
        "geoname_id": 2744156
      }
    },
    {
      "type": "Feature",
      "geometry": {
        "type": "Point",
        "coordinates": [
          4.48472,
          52.22167
        ]
      },
      "properties": {
        "name": "Voorhout",
        "country": "The Netherlands",
        "region": "South Holland",
        "elevation_m": null,
        "population": 4670,
        "feature_type": "populated place",
        "geoname_id": 2745311
      }
    },
    {
      "type": "Feature",
      "geometry": {
        "type": "Point",
        "coordinates": [
          6.095,
          51.28225
        ]
      },
      "properties": {
        "name": "Offenbeek",
        "country": "The Netherlands",
        "region": "Limburg",
        "elevation_m": null,
        "population": 4660,
        "feature_type": "populated place",
        "geoname_id": 2749696
      }
    },
    {
      "type": "Feature",
      "geometry": {
        "type": "Point",
        "coordinates": [
          4.09861,
          51.9125
        ]
      },
      "properties": {
        "name": "Oostvoorne",
        "country": "The Netherlands",
        "region": "South Holland",
        "elevation_m": null,
        "population": 4635,
        "feature_type": "populated place",
        "geoname_id": 2749330
      }
    },
    {
      "type": "Feature",
      "geometry": {
        "type": "Point",
        "coordinates": [
          5.70774,
          50.82791
        ]
      },
      "properties": {
        "name": "Heugem",
        "country": "The Netherlands",
        "region": "Limburg",
        "elevation_m": null,
        "population": 4620,
        "feature_type": "section of populated place",
        "geoname_id": 2754156
      }
    },
    {
      "type": "Feature",
      "geometry": {
        "type": "Point",
        "coordinates": [
          5.37083,
          52.06417
        ]
      },
      "properties": {
        "name": "Maarn",
        "country": "The Netherlands",
        "region": "Utrecht",
        "elevation_m": null,
        "population": 4618,
        "feature_type": "populated place",
        "geoname_id": 2751320
      }
    },
    {
      "type": "Feature",
      "geometry": {
        "type": "Point",
        "coordinates": [
          5.94442,
          52.20879
        ]
      },
      "properties": {
        "name": "Driehuizen",
        "country": "The Netherlands",
        "region": "Gelderland",
        "elevation_m": 18,
        "population": 4610,
        "feature_type": "section of populated place",
        "geoname_id": 2756592
      }
    },
    {
      "type": "Feature",
      "geometry": {
        "type": "Point",
        "coordinates": [
          6.19444,
          52.26833
        ]
      },
      "properties": {
        "name": "Schalkhaar",
        "country": "The Netherlands",
        "region": "Overijssel",
        "elevation_m": null,
        "population": 4610,
        "feature_type": "populated place",
        "geoname_id": 2747704
      }
    },
    {
      "type": "Feature",
      "geometry": {
        "type": "Point",
        "coordinates": [
          6.60833,
          52.85
        ]
      },
      "properties": {
        "name": "Westerbork",
        "country": "The Netherlands",
        "region": "Drenthe",
        "elevation_m": null,
        "population": 4605,
        "feature_type": "populated place",
        "geoname_id": 2744769
      }
    },
    {
      "type": "Feature",
      "geometry": {
        "type": "Point",
        "coordinates": [
          4.39028,
          51.52167
        ]
      },
      "properties": {
        "name": "Wouw",
        "country": "The Netherlands",
        "region": "North Brabant",
        "elevation_m": null,
        "population": 4600,
        "feature_type": "populated place",
        "geoname_id": 2744145
      }
    },
    {
      "type": "Feature",
      "geometry": {
        "type": "Point",
        "coordinates": [
          5.88611,
          50.9175
        ]
      },
      "properties": {
        "name": "Nuth",
        "country": "The Netherlands",
        "region": "Limburg",
        "elevation_m": null,
        "population": 4585,
        "feature_type": "populated place",
        "geoname_id": 2749753
      }
    },
    {
      "type": "Feature",
      "geometry": {
        "type": "Point",
        "coordinates": [
          5.86389,
          50.975
        ]
      },
      "properties": {
        "name": "Munstergeleen",
        "country": "The Netherlands",
        "region": "Limburg",
        "elevation_m": null,
        "population": 4580,
        "feature_type": "populated place",
        "geoname_id": 2750539
      }
    },
    {
      "type": "Feature",
      "geometry": {
        "type": "Point",
        "coordinates": [
          6.79306,
          52.92333
        ]
      },
      "properties": {
        "name": "Borger",
        "country": "The Netherlands",
        "region": "Drenthe",
        "elevation_m": null,
        "population": 4570,
        "feature_type": "populated place",
        "geoname_id": 2758621
      }
    },
    {
      "type": "Feature",
      "geometry": {
        "type": "Point",
        "coordinates": [
          5.26534,
          52.28585
        ]
      },
      "properties": {
        "name": "Bijvanck",
        "country": "The Netherlands",
        "region": "North Holland",
        "elevation_m": null,
        "population": 4560,
        "feature_type": "populated place",
        "geoname_id": 2758941
      }
    },
    {
      "type": "Feature",
      "geometry": {
        "type": "Point",
        "coordinates": [
          5.43472,
          51.72583
        ]
      },
      "properties": {
        "name": "Nuland",
        "country": "The Netherlands",
        "region": "North Brabant",
        "elevation_m": null,
        "population": 4554,
        "feature_type": "populated place",
        "geoname_id": 2749772
      }
    },
    {
      "type": "Feature",
      "geometry": {
        "type": "Point",
        "coordinates": [
          4.27222,
          51.93417
        ]
      },
      "properties": {
        "name": "Maasland",
        "country": "The Netherlands",
        "region": "South Holland",
        "elevation_m": null,
        "population": 4545,
        "feature_type": "populated place",
        "geoname_id": 2751288
      }
    },
    {
      "type": "Feature",
      "geometry": {
        "type": "Point",
        "coordinates": [
          4.79931,
          51.54907
        ]
      },
      "properties": {
        "name": "Ulvenhout",
        "country": "The Netherlands",
        "region": "North Brabant",
        "elevation_m": null,
        "population": 4520,
        "feature_type": "populated place",
        "geoname_id": 2745940
      }
    },
    {
      "type": "Feature",
      "geometry": {
        "type": "Point",
        "coordinates": [
          6.30972,
          52.05083
        ]
      },
      "properties": {
        "name": "Hengelo",
        "country": "The Netherlands",
        "region": "Gelderland",
        "elevation_m": null,
        "population": 4510,
        "feature_type": "populated place",
        "geoname_id": 2754395
      }
    },
    {
      "type": "Feature",
      "geometry": {
        "type": "Point",
        "coordinates": [
          5.94137,
          53.21333
        ]
      },
      "properties": {
        "name": "Hurdegaryp",
        "country": "The Netherlands",
        "region": "Friesland",
        "elevation_m": null,
        "population": 4510,
        "feature_type": "populated place",
        "geoname_id": 2754864
      }
    },
    {
      "type": "Feature",
      "geometry": {
        "type": "Point",
        "coordinates": [
          5.71944,
          51.19417
        ]
      },
      "properties": {
        "name": "Stramproy",
        "country": "The Netherlands",
        "region": "Limburg",
        "elevation_m": null,
        "population": 4510,
        "feature_type": "populated place",
        "geoname_id": 2746631
      }
    },
    {
      "type": "Feature",
      "geometry": {
        "type": "Point",
        "coordinates": [
          4.77639,
          52.00074
        ]
      },
      "properties": {
        "name": "Haastrecht",
        "country": "The Netherlands",
        "region": "South Holland",
        "elevation_m": null,
        "population": 4500,
        "feature_type": "populated place",
        "geoname_id": 2754978
      }
    },
    {
      "type": "Feature",
      "geometry": {
        "type": "Point",
        "coordinates": [
          4.1,
          51.74917
        ]
      },
      "properties": {
        "name": "Dirksland",
        "country": "The Netherlands",
        "region": "South Holland",
        "elevation_m": null,
        "population": 4500,
        "feature_type": "populated place",
        "geoname_id": 2756787
      }
    },
    {
      "type": "Feature",
      "geometry": {
        "type": "Point",
        "coordinates": [
          4.88194,
          51.82333
        ]
      },
      "properties": {
        "name": "Boven-Hardinxveld",
        "country": "The Netherlands",
        "region": "South Holland",
        "elevation_m": null,
        "population": 4500,
        "feature_type": "populated place",
        "geoname_id": 2758500
      }
    },
    {
      "type": "Feature",
      "geometry": {
        "type": "Point",
        "coordinates": [
          6.62361,
          52.45583
        ]
      },
      "properties": {
        "name": "Westerhaar-Vriezenveensewijk",
        "country": "The Netherlands",
        "region": "Overijssel",
        "elevation_m": null,
        "population": 4470,
        "feature_type": "populated place",
        "geoname_id": 2744741
      }
    },
    {
      "type": "Feature",
      "geometry": {
        "type": "Point",
        "coordinates": [
          5.70079,
          51.24218
        ]
      },
      "properties": {
        "name": "Keent",
        "country": "The Netherlands",
        "region": "Limburg",
        "elevation_m": null,
        "population": 4465,
        "feature_type": "populated place",
        "geoname_id": 2752993
      }
    },
    {
      "type": "Feature",
      "geometry": {
        "type": "Point",
        "coordinates": [
          5.65556,
          51.9125
        ]
      },
      "properties": {
        "name": "Dodewaard",
        "country": "The Netherlands",
        "region": "Gelderland",
        "elevation_m": null,
        "population": 4465,
        "feature_type": "populated place",
        "geoname_id": 2756777
      }
    },
    {
      "type": "Feature",
      "geometry": {
        "type": "Point",
        "coordinates": [
          5.56944,
          51.935
        ]
      },
      "properties": {
        "name": "Kesteren",
        "country": "The Netherlands",
        "region": "Gelderland",
        "elevation_m": null,
        "population": 4455,
        "feature_type": "populated place",
        "geoname_id": 2752899
      }
    },
    {
      "type": "Feature",
      "geometry": {
        "type": "Point",
        "coordinates": [
          6.90139,
          52.40833
        ]
      },
      "properties": {
        "name": "Ootmarsum",
        "country": "The Netherlands",
        "region": "Overijssel",
        "elevation_m": null,
        "population": 4450,
        "feature_type": "populated place",
        "geoname_id": 2749317
      }
    },
    {
      "type": "Feature",
      "geometry": {
        "type": "Point",
        "coordinates": [
          5.19031,
          51.68961
        ]
      },
      "properties": {
        "name": "Vliedberg",
        "country": "The Netherlands",
        "region": "North Brabant",
        "elevation_m": null,
        "population": 4445,
        "feature_type": "populated place",
        "geoname_id": 2745428
      }
    },
    {
      "type": "Feature",
      "geometry": {
        "type": "Point",
        "coordinates": [
          4.79306,
          52.23917
        ]
      },
      "properties": {
        "name": "De Kwakel",
        "country": "The Netherlands",
        "region": "North Holland",
        "elevation_m": null,
        "population": 4435,
        "feature_type": "populated place",
        "geoname_id": 2757379
      }
    },
    {
      "type": "Feature",
      "geometry": {
        "type": "Point",
        "coordinates": [
          5.55,
          51.64
        ]
      },
      "properties": {
        "name": "Ven",
        "country": "The Netherlands",
        "region": "North Brabant",
        "elevation_m": null,
        "population": 4430,
        "feature_type": "populated place",
        "geoname_id": 2745655
      }
    },
    {
      "type": "Feature",
      "geometry": {
        "type": "Point",
        "coordinates": [
          6.35417,
          51.92
        ]
      },
      "properties": {
        "name": "Terborg",
        "country": "The Netherlands",
        "region": "Gelderland",
        "elevation_m": null,
        "population": 4425,
        "feature_type": "populated place",
        "geoname_id": 2746468
      }
    },
    {
      "type": "Feature",
      "geometry": {
        "type": "Point",
        "coordinates": [
          5.23889,
          52.13917
        ]
      },
      "properties": {
        "name": "Den Dolder",
        "country": "The Netherlands",
        "region": "Utrecht",
        "elevation_m": null,
        "population": 4420,
        "feature_type": "populated place",
        "geoname_id": 2757240
      }
    },
    {
      "type": "Feature",
      "geometry": {
        "type": "Point",
        "coordinates": [
          3.4875,
          51.32583
        ]
      },
      "properties": {
        "name": "Oostburg",
        "country": "The Netherlands",
        "region": "Zeeland",
        "elevation_m": null,
        "population": 4410,
        "feature_type": "populated place",
        "geoname_id": 2749541
      }
    },
    {
      "type": "Feature",
      "geometry": {
        "type": "Point",
        "coordinates": [
          6.86004,
          52.23064
        ]
      },
      "properties": {
        "name": "Twekkelerveld",
        "country": "The Netherlands",
        "region": "Overijssel",
        "elevation_m": null,
        "population": 4395,
        "feature_type": "section of populated place",
        "geoname_id": 2746062
      }
    },
    {
      "type": "Feature",
      "geometry": {
        "type": "Point",
        "coordinates": [
          5.36667,
          52.25
        ]
      },
      "properties": {
        "name": "Spakenburg",
        "country": "The Netherlands",
        "region": "Utrecht",
        "elevation_m": null,
        "population": 4375,
        "feature_type": "populated place",
        "geoname_id": 2746981
      }
    },
    {
      "type": "Feature",
      "geometry": {
        "type": "Point",
        "coordinates": [
          5.79722,
          51.97917
        ]
      },
      "properties": {
        "name": "Doorwerth",
        "country": "The Netherlands",
        "region": "Gelderland",
        "elevation_m": null,
        "population": 4370,
        "feature_type": "populated place",
        "geoname_id": 2756673
      }
    },
    {
      "type": "Feature",
      "geometry": {
        "type": "Point",
        "coordinates": [
          5.90284,
          51.95355
        ]
      },
      "properties": {
        "name": "Vredenburg",
        "country": "The Netherlands",
        "region": "Gelderland",
        "elevation_m": null,
        "population": 4370,
        "feature_type": "populated place",
        "geoname_id": 2745207
      }
    },
    {
      "type": "Feature",
      "geometry": {
        "type": "Point",
        "coordinates": [
          6.69444,
          53.27583
        ]
      },
      "properties": {
        "name": "Ten Boer",
        "country": "The Netherlands",
        "region": "Groningen",
        "elevation_m": null,
        "population": 4355,
        "feature_type": "populated place",
        "geoname_id": 2746491
      }
    },
    {
      "type": "Feature",
      "geometry": {
        "type": "Point",
        "coordinates": [
          5.26134,
          51.74802
        ]
      },
      "properties": {
        "name": "Hedel",
        "country": "The Netherlands",
        "region": "Gelderland",
        "elevation_m": null,
        "population": 4350,
        "feature_type": "populated place",
        "geoname_id": 2754719
      }
    },
    {
      "type": "Feature",
      "geometry": {
        "type": "Point",
        "coordinates": [
          6.00556,
          50.81833
        ]
      },
      "properties": {
        "name": "Bocholtz",
        "country": "The Netherlands",
        "region": "Limburg",
        "elevation_m": null,
        "population": 4340,
        "feature_type": "populated place",
        "geoname_id": 2758770
      }
    },
    {
      "type": "Feature",
      "geometry": {
        "type": "Point",
        "coordinates": [
          3.55556,
          51.39583
        ]
      },
      "properties": {
        "name": "Breskens",
        "country": "The Netherlands",
        "region": "Zeeland",
        "elevation_m": null,
        "population": 4335,
        "feature_type": "populated place",
        "geoname_id": 2758341
      }
    },
    {
      "type": "Feature",
      "geometry": {
        "type": "Point",
        "coordinates": [
          5.98592,
          52.19993
        ]
      },
      "properties": {
        "name": "Matendreef",
        "country": "The Netherlands",
        "region": "Gelderland",
        "elevation_m": 11,
        "population": 4325,
        "feature_type": "section of populated place",
        "geoname_id": 6621511
      }
    },
    {
      "type": "Feature",
      "geometry": {
        "type": "Point",
        "coordinates": [
          4.89722,
          51.735
        ]
      },
      "properties": {
        "name": "Hank",
        "country": "The Netherlands",
        "region": "North Brabant",
        "elevation_m": null,
        "population": 4323,
        "feature_type": "populated place",
        "geoname_id": 2754888
      }
    },
    {
      "type": "Feature",
      "geometry": {
        "type": "Point",
        "coordinates": [
          5.94163,
          52.21902
        ]
      },
      "properties": {
        "name": "Sprengenbos",
        "country": "The Netherlands",
        "region": "Gelderland",
        "elevation_m": 19,
        "population": 4315,
        "feature_type": "section of populated place",
        "geoname_id": 6621528
      }
    },
    {
      "type": "Feature",
      "geometry": {
        "type": "Point",
        "coordinates": [
          5.20278,
          52.6625
        ]
      },
      "properties": {
        "name": "Venhuizen",
        "country": "The Netherlands",
        "region": "North Holland",
        "elevation_m": null,
        "population": 4310,
        "feature_type": "populated place",
        "geoname_id": 2745645
      }
    },
    {
      "type": "Feature",
      "geometry": {
        "type": "Point",
        "coordinates": [
          5.49449,
          51.4732
        ]
      },
      "properties": {
        "name": "Eckart",
        "country": "The Netherlands",
        "region": "North Brabant",
        "elevation_m": null,
        "population": 4300,
        "feature_type": "section of populated place",
        "geoname_id": 2756435
      }
    },
    {
      "type": "Feature",
      "geometry": {
        "type": "Point",
        "coordinates": [
          6.49722,
          53.14667
        ]
      },
      "properties": {
        "name": "Peize",
        "country": "The Netherlands",
        "region": "Drenthe",
        "elevation_m": null,
        "population": 4295,
        "feature_type": "populated place",
        "geoname_id": 2748673
      }
    },
    {
      "type": "Feature",
      "geometry": {
        "type": "Point",
        "coordinates": [
          6.06789,
          50.85538
        ]
      },
      "properties": {
        "name": "Bleijerheide",
        "country": "The Netherlands",
        "region": "Limburg",
        "elevation_m": null,
        "population": 4285,
        "feature_type": "section of populated place",
        "geoname_id": 2758839
      }
    },
    {
      "type": "Feature",
      "geometry": {
        "type": "Point",
        "coordinates": [
          4.4375,
          51.73167
        ]
      },
      "properties": {
        "name": "Numansdorp",
        "country": "The Netherlands",
        "region": "South Holland",
        "elevation_m": null,
        "population": 4280,
        "feature_type": "populated place",
        "geoname_id": 2749765
      }
    },
    {
      "type": "Feature",
      "geometry": {
        "type": "Point",
        "coordinates": [
          4.50278,
          52.19667
        ]
      },
      "properties": {
        "name": "Warmond",
        "country": "The Netherlands",
        "region": "South Holland",
        "elevation_m": null,
        "population": 4275,
        "feature_type": "populated place",
        "geoname_id": 2745012
      }
    },
    {
      "type": "Feature",
      "geometry": {
        "type": "Point",
        "coordinates": [
          4.31339,
          52.05347
        ]
      },
      "properties": {
        "name": "Spoorwijk",
        "country": "The Netherlands",
        "region": "South Holland",
        "elevation_m": null,
        "population": 4255,
        "feature_type": "section of populated place",
        "geoname_id": 2746905
      }
    },
    {
      "type": "Feature",
      "geometry": {
        "type": "Point",
        "coordinates": [
          6.06235,
          51.93115
        ]
      },
      "properties": {
        "name": "Zonnemaat",
        "country": "The Netherlands",
        "region": "Gelderland",
        "elevation_m": null,
        "population": 4250,
        "feature_type": "section of populated place",
        "geoname_id": 2743834
      }
    },
    {
      "type": "Feature",
      "geometry": {
        "type": "Point",
        "coordinates": [
          4.47111,
          51.53973
        ]
      },
      "properties": {
        "name": "Kalsdonk",
        "country": "The Netherlands",
        "region": "North Brabant",
        "elevation_m": null,
        "population": 4250,
        "feature_type": "section of populated place",
        "geoname_id": 2753123
      }
    },
    {
      "type": "Feature",
      "geometry": {
        "type": "Point",
        "coordinates": [
          5.4,
          51.6775
        ]
      },
      "properties": {
        "name": "Berlicum",
        "country": "The Netherlands",
        "region": "North Brabant",
        "elevation_m": null,
        "population": 4250,
        "feature_type": "populated place",
        "geoname_id": 2759059
      }
    },
    {
      "type": "Feature",
      "geometry": {
        "type": "Point",
        "coordinates": [
          5.0847,
          52.08636
        ]
      },
      "properties": {
        "name": "Oog in Al",
        "country": "The Netherlands",
        "region": "Utrecht",
        "elevation_m": null,
        "population": 4235,
        "feature_type": "section of populated place",
        "geoname_id": 2749573
      }
    },
    {
      "type": "Feature",
      "geometry": {
        "type": "Point",
        "coordinates": [
          4.49583,
          52.12
        ]
      },
      "properties": {
        "name": "Zoeterwoude-Dorp",
        "country": "The Netherlands",
        "region": "South Holland",
        "elevation_m": null,
        "population": 4230,
        "feature_type": "populated place",
        "geoname_id": 2743853
      }
    },
    {
      "type": "Feature",
      "geometry": {
        "type": "Point",
        "coordinates": [
          5.63367,
          51.66244
        ]
      },
      "properties": {
        "name": "Melle",
        "country": "The Netherlands",
        "region": "North Brabant",
        "elevation_m": null,
        "population": 4225,
        "feature_type": "populated place",
        "geoname_id": 2750969
      }
    },
    {
      "type": "Feature",
      "geometry": {
        "type": "Point",
        "coordinates": [
          6.49881,
          52.71734
        ]
      },
      "properties": {
        "name": "Wolfsbos",
        "country": "The Netherlands",
        "region": "Drenthe",
        "elevation_m": null,
        "population": 4215,
        "feature_type": "section of populated place",
        "geoname_id": 2744210
      }
    },
    {
      "type": "Feature",
      "geometry": {
        "type": "Point",
        "coordinates": [
          5.98145,
          52.22291
        ]
      },
      "properties": {
        "name": "Sluisoord",
        "country": "The Netherlands",
        "region": "Gelderland",
        "elevation_m": 10,
        "population": 4205,
        "feature_type": "section of populated place",
        "geoname_id": 6621522
      }
    },
    {
      "type": "Feature",
      "geometry": {
        "type": "Point",
        "coordinates": [
          5.89743,
          51.96811
        ]
      },
      "properties": {
        "name": "Malburgen West",
        "country": "The Netherlands",
        "region": "Gelderland",
        "elevation_m": null,
        "population": 4200,
        "feature_type": "section of populated place",
        "geoname_id": 2751243
      }
    },
    {
      "type": "Feature",
      "geometry": {
        "type": "Point",
        "coordinates": [
          4.78444,
          51.61285
        ]
      },
      "properties": {
        "name": "Wisselaar",
        "country": "The Netherlands",
        "region": "North Brabant",
        "elevation_m": 0,
        "population": 4200,
        "feature_type": "section of populated place",
        "geoname_id": 9036084
      }
    },
    {
      "type": "Feature",
      "geometry": {
        "type": "Point",
        "coordinates": [
          5.56944,
          51.91
        ]
      },
      "properties": {
        "name": "Ochten",
        "country": "The Netherlands",
        "region": "Gelderland",
        "elevation_m": null,
        "population": 4185,
        "feature_type": "populated place",
        "geoname_id": 2749741
      }
    },
    {
      "type": "Feature",
      "geometry": {
        "type": "Point",
        "coordinates": [
          5.37222,
          51.56917
        ]
      },
      "properties": {
        "name": "Liempde",
        "country": "The Netherlands",
        "region": "North Brabant",
        "elevation_m": null,
        "population": 4170,
        "feature_type": "populated place",
        "geoname_id": 2751645
      }
    },
    {
      "type": "Feature",
      "geometry": {
        "type": "Point",
        "coordinates": [
          4.69722,
          51.5175
        ]
      },
      "properties": {
        "name": "Rijsbergen",
        "country": "The Netherlands",
        "region": "North Brabant",
        "elevation_m": null,
        "population": 4140,
        "feature_type": "populated place",
        "geoname_id": 2748091
      }
    },
    {
      "type": "Feature",
      "geometry": {
        "type": "Point",
        "coordinates": [
          5.74028,
          51.50333
        ]
      },
      "properties": {
        "name": "Bakel",
        "country": "The Netherlands",
        "region": "North Brabant",
        "elevation_m": null,
        "population": 4140,
        "feature_type": "populated place",
        "geoname_id": 2759511
      }
    },
    {
      "type": "Feature",
      "geometry": {
        "type": "Point",
        "coordinates": [
          4.59203,
          51.64665
        ]
      },
      "properties": {
        "name": "Krooswijk",
        "country": "The Netherlands",
        "region": "North Brabant",
        "elevation_m": null,
        "population": 4130,
        "feature_type": "populated place",
        "geoname_id": 2752218
      }
    },
    {
      "type": "Feature",
      "geometry": {
        "type": "Point",
        "coordinates": [
          5.4471,
          52.97969
        ]
      },
      "properties": {
        "name": "Workum",
        "country": "The Netherlands",
        "region": "Friesland",
        "elevation_m": null,
        "population": 4105,
        "feature_type": "populated place",
        "geoname_id": 2744179
      }
    },
    {
      "type": "Feature",
      "geometry": {
        "type": "Point",
        "coordinates": [
          5.85868,
          50.99036
        ]
      },
      "properties": {
        "name": "Ophoven",
        "country": "The Netherlands",
        "region": "Limburg",
        "elevation_m": null,
        "population": 4105,
        "feature_type": "section of populated place",
        "geoname_id": 2749293
      }
    },
    {
      "type": "Feature",
      "geometry": {
        "type": "Point",
        "coordinates": [
          4.71389,
          52.25833
        ]
      },
      "properties": {
        "name": "Rijsenhout",
        "country": "The Netherlands",
        "region": "North Holland",
        "elevation_m": null,
        "population": 4103,
        "feature_type": "populated place",
        "geoname_id": 2748086
      }
    },
    {
      "type": "Feature",
      "geometry": {
        "type": "Point",
        "coordinates": [
          4.9125,
          52.54917
        ]
      },
      "properties": {
        "name": "Middenbeemster",
        "country": "The Netherlands",
        "region": "North Holland",
        "elevation_m": null,
        "population": 4070,
        "feature_type": "populated place",
        "geoname_id": 2750861
      }
    },
    {
      "type": "Feature",
      "geometry": {
        "type": "Point",
        "coordinates": [
          5.13729,
          52.27115
        ]
      },
      "properties": {
        "name": "Hilversumse Meent",
        "country": "The Netherlands",
        "region": "North Holland",
        "elevation_m": null,
        "population": 4065,
        "feature_type": "section of populated place",
        "geoname_id": 2754061
      }
    },
    {
      "type": "Feature",
      "geometry": {
        "type": "Point",
        "coordinates": [
          5.33729,
          51.63843
        ]
      },
      "properties": {
        "name": "Theereheide",
        "country": "The Netherlands",
        "region": "North Brabant",
        "elevation_m": null,
        "population": 4045,
        "feature_type": "populated place",
        "geoname_id": 2746367
      }
    },
    {
      "type": "Feature",
      "geometry": {
        "type": "Point",
        "coordinates": [
          6.35053,
          52.95526
        ]
      },
      "properties": {
        "name": "Appelscha",
        "country": "The Netherlands",
        "region": "Friesland",
        "elevation_m": null,
        "population": 4035,
        "feature_type": "populated place",
        "geoname_id": 2759698
      }
    },
    {
      "type": "Feature",
      "geometry": {
        "type": "Point",
        "coordinates": [
          5.60921,
          51.6687
        ]
      },
      "properties": {
        "name": "Bitswijk",
        "country": "The Netherlands",
        "region": "North Brabant",
        "elevation_m": null,
        "population": 4030,
        "feature_type": "populated place",
        "geoname_id": 2758884
      }
    },
    {
      "type": "Feature",
      "geometry": {
        "type": "Point",
        "coordinates": [
          4.63611,
          51.93417
        ]
      },
      "properties": {
        "name": "Ouderkerk aan den IJssel",
        "country": "The Netherlands",
        "region": "South Holland",
        "elevation_m": null,
        "population": 4025,
        "feature_type": "populated place",
        "geoname_id": 2749016
      }
    },
    {
      "type": "Feature",
      "geometry": {
        "type": "Point",
        "coordinates": [
          5.87083,
          52.70833
        ]
      },
      "properties": {
        "name": "Marknesse",
        "country": "The Netherlands",
        "region": "Flevoland",
        "elevation_m": null,
        "population": 4010,
        "feature_type": "populated place",
        "geoname_id": 2751147
      }
    },
    {
      "type": "Feature",
      "geometry": {
        "type": "Point",
        "coordinates": [
          6.13333,
          53.18333
        ]
      },
      "properties": {
        "name": "Harkema",
        "country": "The Netherlands",
        "region": "Friesland",
        "elevation_m": null,
        "population": 4005,
        "feature_type": "populated place",
        "geoname_id": 2754821
      }
    },
    {
      "type": "Feature",
      "geometry": {
        "type": "Point",
        "coordinates": [
          5.93862,
          52.00379
        ]
      },
      "properties": {
        "name": "Geitenkamp",
        "country": "The Netherlands",
        "region": "Gelderland",
        "elevation_m": null,
        "population": 4005,
        "feature_type": "section of populated place",
        "geoname_id": 2755638
      }
    },
    {
      "type": "Feature",
      "geometry": {
        "type": "Point",
        "coordinates": [
          6.07361,
          52.42917
        ]
      },
      "properties": {
        "name": "Wapenveld",
        "country": "The Netherlands",
        "region": "Gelderland",
        "elevation_m": null,
        "population": 3995,
        "feature_type": "populated place",
        "geoname_id": 2745037
      }
    },
    {
      "type": "Feature",
      "geometry": {
        "type": "Point",
        "coordinates": [
          5.89444,
          51.17917
        ]
      },
      "properties": {
        "name": "Heel",
        "country": "The Netherlands",
        "region": "Limburg",
        "elevation_m": null,
        "population": 3980,
        "feature_type": "populated place",
        "geoname_id": 2754706
      }
    },
    {
      "type": "Feature",
      "geometry": {
        "type": "Point",
        "coordinates": [
          4.84583,
          52.55667
        ]
      },
      "properties": {
        "name": "De Rijp",
        "country": "The Netherlands",
        "region": "North Holland",
        "elevation_m": null,
        "population": 3980,
        "feature_type": "populated place",
        "geoname_id": 2757095
      }
    },
    {
      "type": "Feature",
      "geometry": {
        "type": "Point",
        "coordinates": [
          5.0981,
          51.5843
        ]
      },
      "properties": {
        "name": "Quirijnstok",
        "country": "The Netherlands",
        "region": "North Brabant",
        "elevation_m": null,
        "population": 3970,
        "feature_type": "section of populated place",
        "geoname_id": 2748377
      }
    },
    {
      "type": "Feature",
      "geometry": {
        "type": "Point",
        "coordinates": [
          4.32639,
          51.39417
        ]
      },
      "properties": {
        "name": "Ossendrecht",
        "country": "The Netherlands",
        "region": "North Brabant",
        "elevation_m": null,
        "population": 3970,
        "feature_type": "populated place",
        "geoname_id": 2749223
      }
    },
    {
      "type": "Feature",
      "geometry": {
        "type": "Point",
        "coordinates": [
          5.48624,
          51.39656
        ]
      },
      "properties": {
        "name": "Ekenrooi",
        "country": "The Netherlands",
        "region": "North Brabant",
        "elevation_m": null,
        "population": 3970,
        "feature_type": "populated place",
        "geoname_id": 2756239
      }
    },
    {
      "type": "Feature",
      "geometry": {
        "type": "Point",
        "coordinates": [
          6.93333,
          52.30083
        ]
      },
      "properties": {
        "name": "Zuid-Berghuizen",
        "country": "The Netherlands",
        "region": "Overijssel",
        "elevation_m": null,
        "population": 3970,
        "feature_type": "populated place",
        "geoname_id": 6544882
      }
    },
    {
      "type": "Feature",
      "geometry": {
        "type": "Point",
        "coordinates": [
          5.38579,
          51.50484
        ]
      },
      "properties": {
        "name": "Naastenbest",
        "country": "The Netherlands",
        "region": "North Brabant",
        "elevation_m": null,
        "population": 3955,
        "feature_type": "section of populated place",
        "geoname_id": 2750515
      }
    },
    {
      "type": "Feature",
      "geometry": {
        "type": "Point",
        "coordinates": [
          5.95417,
          52.68083
        ]
      },
      "properties": {
        "name": "Vollenhove",
        "country": "The Netherlands",
        "region": "Overijssel",
        "elevation_m": null,
        "population": 3955,
        "feature_type": "populated place",
        "geoname_id": 2745333
      }
    },
    {
      "type": "Feature",
      "geometry": {
        "type": "Point",
        "coordinates": [
          4.30139,
          52.03083
        ]
      },
      "properties": {
        "name": "Strijp",
        "country": "The Netherlands",
        "region": "South Holland",
        "elevation_m": null,
        "population": 3955,
        "feature_type": "populated place",
        "geoname_id": 2746600
      }
    },
    {
      "type": "Feature",
      "geometry": {
        "type": "Point",
        "coordinates": [
          6.06389,
          51.15333
        ]
      },
      "properties": {
        "name": "Herkenbosch",
        "country": "The Netherlands",
        "region": "Limburg",
        "elevation_m": null,
        "population": 3935,
        "feature_type": "populated place",
        "geoname_id": 2754352
      }
    },
    {
      "type": "Feature",
      "geometry": {
        "type": "Point",
        "coordinates": [
          5.65727,
          53.2762
        ]
      },
      "properties": {
        "name": "Sint Annaparochie",
        "country": "The Netherlands",
        "region": "Friesland",
        "elevation_m": null,
        "population": 3935,
        "feature_type": "populated place",
        "geoname_id": 2747297
      }
    },
    {
      "type": "Feature",
      "geometry": {
        "type": "Point",
        "coordinates": [
          4.62222,
          52.4025
        ]
      },
      "properties": {
        "name": "Bloemendaal",
        "country": "The Netherlands",
        "region": "North Holland",
        "elevation_m": null,
        "population": 3925,
        "feature_type": "populated place",
        "geoname_id": 2758804
      }
    },
    {
      "type": "Feature",
      "geometry": {
        "type": "Point",
        "coordinates": [
          4.43194,
          52.18
        ]
      },
      "properties": {
        "name": "Valkenburg",
        "country": "The Netherlands",
        "region": "South Holland",
        "elevation_m": null,
        "population": 3925,
        "feature_type": "populated place",
        "geoname_id": 2745872
      }
    },
    {
      "type": "Feature",
      "geometry": {
        "type": "Point",
        "coordinates": [
          5.57964,
          52.89756
        ]
      },
      "properties": {
        "name": "Balk",
        "country": "The Netherlands",
        "region": "Friesland",
        "elevation_m": null,
        "population": 3915,
        "feature_type": "populated place",
        "geoname_id": 2759472
      }
    },
    {
      "type": "Feature",
      "geometry": {
        "type": "Point",
        "coordinates": [
          6.57778,
          53.07417
        ]
      },
      "properties": {
        "name": "Vries",
        "country": "The Netherlands",
        "region": "Drenthe",
        "elevation_m": null,
        "population": 3915,
        "feature_type": "populated place",
        "geoname_id": 2745189
      }
    },
    {
      "type": "Feature",
      "geometry": {
        "type": "Point",
        "coordinates": [
          6.68194,
          53.09417
        ]
      },
      "properties": {
        "name": "Zuidlaren",
        "country": "The Netherlands",
        "region": "Drenthe",
        "elevation_m": null,
        "population": 3905,
        "feature_type": "populated place",
        "geoname_id": 2743680
      }
    },
    {
      "type": "Feature",
      "geometry": {
        "type": "Point",
        "coordinates": [
          6.96528,
          53.07917
        ]
      },
      "properties": {
        "name": "Nieuwe Pekela",
        "country": "The Netherlands",
        "region": "Groningen",
        "elevation_m": null,
        "population": 3895,
        "feature_type": "populated place",
        "geoname_id": 2750272
      }
    },
    {
      "type": "Feature",
      "geometry": {
        "type": "Point",
        "coordinates": [
          5.76812,
          53.20853
        ]
      },
      "properties": {
        "name": "Westeinde",
        "country": "The Netherlands",
        "region": "Friesland",
        "elevation_m": null,
        "population": 3890,
        "feature_type": "section of populated place",
        "geoname_id": 2744786
      }
    },
    {
      "type": "Feature",
      "geometry": {
        "type": "Point",
        "coordinates": [
          6.37639,
          51.87333
        ]
      },
      "properties": {
        "name": "Gendringen",
        "country": "The Netherlands",
        "region": "Gelderland",
        "elevation_m": null,
        "population": 3880,
        "feature_type": "populated place",
        "geoname_id": 2755599
      }
    },
    {
      "type": "Feature",
      "geometry": {
        "type": "Point",
        "coordinates": [
          4.75,
          52.7375
        ]
      },
      "properties": {
        "name": "Tuitjenhorn",
        "country": "The Netherlands",
        "region": "North Holland",
        "elevation_m": null,
        "population": 3880,
        "feature_type": "populated place",
        "geoname_id": 2746121
      }
    },
    {
      "type": "Feature",
      "geometry": {
        "type": "Point",
        "coordinates": [
          7.05972,
          52.87667
        ]
      },
      "properties": {
        "name": "Ter Apel",
        "country": "The Netherlands",
        "region": "Groningen",
        "elevation_m": null,
        "population": 3880,
        "feature_type": "populated place",
        "geoname_id": 2746475
      }
    },
    {
      "type": "Feature",
      "geometry": {
        "type": "Point",
        "coordinates": [
          5.46389,
          51.74
        ]
      },
      "properties": {
        "name": "Geffen",
        "country": "The Netherlands",
        "region": "North Brabant",
        "elevation_m": null,
        "population": 3870,
        "feature_type": "populated place",
        "geoname_id": 2755645
      }
    },
    {
      "type": "Feature",
      "geometry": {
        "type": "Point",
        "coordinates": [
          5.09748,
          51.5648
        ]
      },
      "properties": {
        "name": "Loven",
        "country": "The Netherlands",
        "region": "North Brabant",
        "elevation_m": null,
        "population": 3865,
        "feature_type": "section of populated place",
        "geoname_id": 2751415
      }
    },
    {
      "type": "Feature",
      "geometry": {
        "type": "Point",
        "coordinates": [
          5.13885,
          51.57846
        ]
      },
      "properties": {
        "name": "Enschot",
        "country": "The Netherlands",
        "region": "North Brabant",
        "elevation_m": null,
        "population": 3865,
        "feature_type": "populated place",
        "geoname_id": 2756069
      }
    },
    {
      "type": "Feature",
      "geometry": {
        "type": "Point",
        "coordinates": [
          5.98497,
          52.23111
        ]
      },
      "properties": {
        "name": "Anklaar",
        "country": "The Netherlands",
        "region": "Gelderland",
        "elevation_m": null,
        "population": 3865,
        "feature_type": "section of populated place",
        "geoname_id": 2759748
      }
    },
    {
      "type": "Feature",
      "geometry": {
        "type": "Point",
        "coordinates": [
          3.79861,
          51.2275
        ]
      },
      "properties": {
        "name": "Sas van Gent",
        "country": "The Netherlands",
        "region": "Zeeland",
        "elevation_m": null,
        "population": 3856,
        "feature_type": "populated place",
        "geoname_id": 2747749
      }
    },
    {
      "type": "Feature",
      "geometry": {
        "type": "Point",
        "coordinates": [
          5.28333,
          51.865
        ]
      },
      "properties": {
        "name": "Meteren",
        "country": "The Netherlands",
        "region": "Gelderland",
        "elevation_m": null,
        "population": 3855,
        "feature_type": "populated place",
        "geoname_id": 2750921
      }
    },
    {
      "type": "Feature",
      "geometry": {
        "type": "Point",
        "coordinates": [
          5.82825,
          53.1886
        ]
      },
      "properties": {
        "name": "Aldlân-Oost",
        "country": "The Netherlands",
        "region": "Friesland",
        "elevation_m": null,
        "population": 3850,
        "feature_type": "section of populated place",
        "geoname_id": 6946241
      }
    },
    {
      "type": "Feature",
      "geometry": {
        "type": "Point",
        "coordinates": [
          6.88472,
          52.6625
        ]
      },
      "properties": {
        "name": "Schoonebeek",
        "country": "The Netherlands",
        "region": "Drenthe",
        "elevation_m": null,
        "population": 3845,
        "feature_type": "populated place",
        "geoname_id": 2747515
      }
    },
    {
      "type": "Feature",
      "geometry": {
        "type": "Point",
        "coordinates": [
          5.52329,
          51.44384
        ]
      },
      "properties": {
        "name": "Muschberg en Geestenberg",
        "country": "The Netherlands",
        "region": "North Brabant",
        "elevation_m": null,
        "population": 3836,
        "feature_type": "section of populated place",
        "geoname_id": 6929980
      }
    },
    {
      "type": "Feature",
      "geometry": {
        "type": "Point",
        "coordinates": [
          5.22222,
          51.6025
        ]
      },
      "properties": {
        "name": "Haaren",
        "country": "The Netherlands",
        "region": "North Brabant",
        "elevation_m": null,
        "population": 3835,
        "feature_type": "populated place",
        "geoname_id": 2755009
      }
    },
    {
      "type": "Feature",
      "geometry": {
        "type": "Point",
        "coordinates": [
          6.02471,
          50.86659
        ]
      },
      "properties": {
        "name": "Terwinselen",
        "country": "The Netherlands",
        "region": "Limburg",
        "elevation_m": null,
        "population": 3820,
        "feature_type": "populated place",
        "geoname_id": 2746400
      }
    },
    {
      "type": "Feature",
      "geometry": {
        "type": "Point",
        "coordinates": [
          5.53889,
          51.40917
        ]
      },
      "properties": {
        "name": "Genoenhuis",
        "country": "The Netherlands",
        "region": "North Brabant",
        "elevation_m": null,
        "population": 3815,
        "feature_type": "populated place",
        "geoname_id": 2755581
      }
    },
    {
      "type": "Feature",
      "geometry": {
        "type": "Point",
        "coordinates": [
          6.16718,
          53.09244
        ]
      },
      "properties": {
        "name": "Ureterp",
        "country": "The Netherlands",
        "region": "Friesland",
        "elevation_m": null,
        "population": 3810,
        "feature_type": "populated place",
        "geoname_id": 2745936
      }
    },
    {
      "type": "Feature",
      "geometry": {
        "type": "Point",
        "coordinates": [
          5.7346,
          51.25288
        ]
      },
      "properties": {
        "name": "Leuken",
        "country": "The Netherlands",
        "region": "Limburg",
        "elevation_m": null,
        "population": 3805,
        "feature_type": "populated place",
        "geoname_id": 2751700
      }
    },
    {
      "type": "Feature",
      "geometry": {
        "type": "Point",
        "coordinates": [
          5.87876,
          51.84209
        ]
      },
      "properties": {
        "name": "Hunnerberg",
        "country": "The Netherlands",
        "region": "Gelderland",
        "elevation_m": null,
        "population": 3800,
        "feature_type": "populated places",
        "geoname_id": 11102422
      }
    },
    {
      "type": "Feature",
      "geometry": {
        "type": "Point",
        "coordinates": [
          5.97643,
          52.21397
        ]
      },
      "properties": {
        "name": "Welgelegen",
        "country": "The Netherlands",
        "region": "Gelderland",
        "elevation_m": 11,
        "population": 3790,
        "feature_type": "section of populated place",
        "geoname_id": 6621454
      }
    },
    {
      "type": "Feature",
      "geometry": {
        "type": "Point",
        "coordinates": [
          6.49861,
          52.235
        ]
      },
      "properties": {
        "name": "Markelo",
        "country": "The Netherlands",
        "region": "Overijssel",
        "elevation_m": null,
        "population": 3785,
        "feature_type": "populated place",
        "geoname_id": 2751161
      }
    },
    {
      "type": "Feature",
      "geometry": {
        "type": "Point",
        "coordinates": [
          5.90343,
          52.56185
        ]
      },
      "properties": {
        "name": "Brunnepe",
        "country": "The Netherlands",
        "region": "Overijssel",
        "elevation_m": null,
        "population": 3780,
        "feature_type": "section of populated place",
        "geoname_id": 2758175
      }
    },
    {
      "type": "Feature",
      "geometry": {
        "type": "Point",
        "coordinates": [
          5.99922,
          52.22512
        ]
      },
      "properties": {
        "name": "Sprenkelaar",
        "country": "The Netherlands",
        "region": "Gelderland",
        "elevation_m": 8,
        "population": 3775,
        "feature_type": "section of populated place",
        "geoname_id": 6621523
      }
    },
    {
      "type": "Feature",
      "geometry": {
        "type": "Point",
        "coordinates": [
          4.56389,
          51.83583
        ]
      },
      "properties": {
        "name": "Heerjansdam",
        "country": "The Netherlands",
        "region": "South Holland",
        "elevation_m": null,
        "population": 3770,
        "feature_type": "populated place",
        "geoname_id": 2754656
      }
    },
    {
      "type": "Feature",
      "geometry": {
        "type": "Point",
        "coordinates": [
          5.92738,
          50.92906
        ]
      },
      "properties": {
        "name": "Mariarade",
        "country": "The Netherlands",
        "region": "Limburg",
        "elevation_m": null,
        "population": 3770,
        "feature_type": "section of populated place",
        "geoname_id": 2751180
      }
    },
    {
      "type": "Feature",
      "geometry": {
        "type": "Point",
        "coordinates": [
          5.05,
          51.68333
        ]
      },
      "properties": {
        "name": "Besoijen",
        "country": "The Netherlands",
        "region": "North Brabant",
        "elevation_m": null,
        "population": 3770,
        "feature_type": "section of populated place",
        "geoname_id": 2759043
      }
    },
    {
      "type": "Feature",
      "geometry": {
        "type": "Point",
        "coordinates": [
          5.96032,
          51.51954
        ]
      },
      "properties": {
        "name": "Veltum",
        "country": "The Netherlands",
        "region": "Limburg",
        "elevation_m": null,
        "population": 3765,
        "feature_type": "section of populated place",
        "geoname_id": 2745667
      }
    },
    {
      "type": "Feature",
      "geometry": {
        "type": "Point",
        "coordinates": [
          5.86539,
          51.81324
        ]
      },
      "properties": {
        "name": "Brakkenstein",
        "country": "The Netherlands",
        "region": "Gelderland",
        "elevation_m": null,
        "population": 3755,
        "feature_type": "section of populated place",
        "geoname_id": 2758422
      }
    },
    {
      "type": "Feature",
      "geometry": {
        "type": "Point",
        "coordinates": [
          4.81667,
          52.65
        ]
      },
      "properties": {
        "name": "Butterhuizen",
        "country": "The Netherlands",
        "region": "North Holland",
        "elevation_m": null,
        "population": 3750,
        "feature_type": "populated place",
        "geoname_id": 2758058
      }
    },
    {
      "type": "Feature",
      "geometry": {
        "type": "Point",
        "coordinates": [
          5.36809,
          51.71113
        ]
      },
      "properties": {
        "name": "Molenhoek",
        "country": "The Netherlands",
        "region": "North Brabant",
        "elevation_m": null,
        "population": 3745,
        "feature_type": "populated place",
        "geoname_id": 2750694
      }
    },
    {
      "type": "Feature",
      "geometry": {
        "type": "Point",
        "coordinates": [
          4.45736,
          52.12436
        ]
      },
      "properties": {
        "name": "Vlietwijk",
        "country": "The Netherlands",
        "region": "South Holland",
        "elevation_m": null,
        "population": 3745,
        "feature_type": "section of populated place",
        "geoname_id": 2745399
      }
    },
    {
      "type": "Feature",
      "geometry": {
        "type": "Point",
        "coordinates": [
          6.64861,
          52.98417
        ]
      },
      "properties": {
        "name": "Rolde",
        "country": "The Netherlands",
        "region": "Drenthe",
        "elevation_m": null,
        "population": 3740,
        "feature_type": "populated place",
        "geoname_id": 2747979
      }
    },
    {
      "type": "Feature",
      "geometry": {
        "type": "Point",
        "coordinates": [
          4.77361,
          51.9725
        ]
      },
      "properties": {
        "name": "Stolwijk",
        "country": "The Netherlands",
        "region": "South Holland",
        "elevation_m": null,
        "population": 3730,
        "feature_type": "populated place",
        "geoname_id": 2746665
      }
    },
    {
      "type": "Feature",
      "geometry": {
        "type": "Point",
        "coordinates": [
          6.13655,
          52.52395
        ]
      },
      "properties": {
        "name": "Berkum",
        "country": "The Netherlands",
        "region": "Overijssel",
        "elevation_m": null,
        "population": 3720,
        "feature_type": "section of populated place",
        "geoname_id": 2759064
      }
    },
    {
      "type": "Feature",
      "geometry": {
        "type": "Point",
        "coordinates": [
          4.27917,
          51.50917
        ]
      },
      "properties": {
        "name": "Noordgeest",
        "country": "The Netherlands",
        "region": "North Brabant",
        "elevation_m": null,
        "population": 3700,
        "feature_type": "populated place",
        "geoname_id": 2749892
      }
    },
    {
      "type": "Feature",
      "geometry": {
        "type": "Point",
        "coordinates": [
          6.11942,
          51.33217
        ]
      },
      "properties": {
        "name": "Steyl",
        "country": "The Netherlands",
        "region": "Limburg",
        "elevation_m": null,
        "population": 3695,
        "feature_type": "populated place",
        "geoname_id": 2746751
      }
    },
    {
      "type": "Feature",
      "geometry": {
        "type": "Point",
        "coordinates": [
          4.61389,
          52.39167
        ]
      },
      "properties": {
        "name": "Overveen",
        "country": "The Netherlands",
        "region": "North Holland",
        "elevation_m": null,
        "population": 3685,
        "feature_type": "populated place",
        "geoname_id": 2748813
      }
    },
    {
      "type": "Feature",
      "geometry": {
        "type": "Point",
        "coordinates": [
          5.95656,
          52.19624
        ]
      },
      "properties": {
        "name": "Westenenk",
        "country": "The Netherlands",
        "region": "Gelderland",
        "elevation_m": 18,
        "population": 3680,
        "feature_type": "section of populated place",
        "geoname_id": 6621533
      }
    },
    {
      "type": "Feature",
      "geometry": {
        "type": "Point",
        "coordinates": [
          5.71778,
          51.23828
        ]
      },
      "properties": {
        "name": "Moesel",
        "country": "The Netherlands",
        "region": "Limburg",
        "elevation_m": null,
        "population": 3675,
        "feature_type": "section of populated place",
        "geoname_id": 2750751
      }
    },
    {
      "type": "Feature",
      "geometry": {
        "type": "Point",
        "coordinates": [
          5.91338,
          52.54583
        ]
      },
      "properties": {
        "name": "Flevowijk",
        "country": "The Netherlands",
        "region": "Overijssel",
        "elevation_m": null,
        "population": 3675,
        "feature_type": "section of populated place",
        "geoname_id": 2755893
      }
    },
    {
      "type": "Feature",
      "geometry": {
        "type": "Point",
        "coordinates": [
          4.55833,
          51.53167
        ]
      },
      "properties": {
        "name": "Rucphen",
        "country": "The Netherlands",
        "region": "North Brabant",
        "elevation_m": null,
        "population": 3660,
        "feature_type": "populated place",
        "geoname_id": 2747858
      }
    },
    {
      "type": "Feature",
      "geometry": {
        "type": "Point",
        "coordinates": [
          4.92083,
          51.775
        ]
      },
      "properties": {
        "name": "Nieuwendijk",
        "country": "The Netherlands",
        "region": "North Brabant",
        "elevation_m": null,
        "population": 3659,
        "feature_type": "populated place",
        "geoname_id": 2750285
      }
    },
    {
      "type": "Feature",
      "geometry": {
        "type": "Point",
        "coordinates": [
          6.56528,
          53.145
        ]
      },
      "properties": {
        "name": "Paterswolde",
        "country": "The Netherlands",
        "region": "Drenthe",
        "elevation_m": null,
        "population": 3655,
        "feature_type": "populated place",
        "geoname_id": 2748702
      }
    },
    {
      "type": "Feature",
      "geometry": {
        "type": "Point",
        "coordinates": [
          6.01667,
          51.15917
        ]
      },
      "properties": {
        "name": "Melick",
        "country": "The Netherlands",
        "region": "Limburg",
        "elevation_m": null,
        "population": 3650,
        "feature_type": "populated place",
        "geoname_id": 2750978
      }
    },
    {
      "type": "Feature",
      "geometry": {
        "type": "Point",
        "coordinates": [
          5.39223,
          51.49742
        ]
      },
      "properties": {
        "name": "Wilhelminadorp",
        "country": "The Netherlands",
        "region": "North Brabant",
        "elevation_m": null,
        "population": 3645,
        "feature_type": "section of populated place",
        "geoname_id": 2744424
      }
    },
    {
      "type": "Feature",
      "geometry": {
        "type": "Point",
        "coordinates": [
          5.93889,
          51.155
        ]
      },
      "properties": {
        "name": "Linne",
        "country": "The Netherlands",
        "region": "Limburg",
        "elevation_m": null,
        "population": 3645,
        "feature_type": "populated place",
        "geoname_id": 2751566
      }
    },
    {
      "type": "Feature",
      "geometry": {
        "type": "Point",
        "coordinates": [
          4.93889,
          52.71583
        ]
      },
      "properties": {
        "name": "Hoogwoud",
        "country": "The Netherlands",
        "region": "North Holland",
        "elevation_m": null,
        "population": 3645,
        "feature_type": "populated place",
        "geoname_id": 2753663
      }
    },
    {
      "type": "Feature",
      "geometry": {
        "type": "Point",
        "coordinates": [
          4.31389,
          51.97583
        ]
      },
      "properties": {
        "name": "Schipluiden",
        "country": "The Netherlands",
        "region": "South Holland",
        "elevation_m": null,
        "population": 3635,
        "feature_type": "populated place",
        "geoname_id": 2747540
      }
    },
    {
      "type": "Feature",
      "geometry": {
        "type": "Point",
        "coordinates": [
          4.65278,
          52.62333
        ]
      },
      "properties": {
        "name": "Egmond aan den Hoef",
        "country": "The Netherlands",
        "region": "North Holland",
        "elevation_m": null,
        "population": 3630,
        "feature_type": "populated place",
        "geoname_id": 2756302
      }
    },
    {
      "type": "Feature",
      "geometry": {
        "type": "Point",
        "coordinates": [
          5.94722,
          51.57167
        ]
      },
      "properties": {
        "name": "Overloon",
        "country": "The Netherlands",
        "region": "North Brabant",
        "elevation_m": null,
        "population": 3626,
        "feature_type": "populated place",
        "geoname_id": 2748833
      }
    },
    {
      "type": "Feature",
      "geometry": {
        "type": "Point",
        "coordinates": [
          5.23056,
          51.63167
        ]
      },
      "properties": {
        "name": "Helvoirt",
        "country": "The Netherlands",
        "region": "North Brabant",
        "elevation_m": null,
        "population": 3625,
        "feature_type": "populated place",
        "geoname_id": 2754440
      }
    },
    {
      "type": "Feature",
      "geometry": {
        "type": "Point",
        "coordinates": [
          4.59722,
          51.5375
        ]
      },
      "properties": {
        "name": "Sprundel",
        "country": "The Netherlands",
        "region": "North Brabant",
        "elevation_m": null,
        "population": 3625,
        "feature_type": "populated place",
        "geoname_id": 2746886
      }
    },
    {
      "type": "Feature",
      "geometry": {
        "type": "Point",
        "coordinates": [
          5.96609,
          52.18977
        ]
      },
      "properties": {
        "name": "Componistenkwartier",
        "country": "The Netherlands",
        "region": "Gelderland",
        "elevation_m": 17,
        "population": 3615,
        "feature_type": "section of populated place",
        "geoname_id": 6621519
      }
    },
    {
      "type": "Feature",
      "geometry": {
        "type": "Point",
        "coordinates": [
          5.87917,
          51.73083
        ]
      },
      "properties": {
        "name": "Cuijk",
        "country": "The Netherlands",
        "region": "North Brabant",
        "elevation_m": null,
        "population": 3610,
        "feature_type": "populated place",
        "geoname_id": 2757874
      }
    },
    {
      "type": "Feature",
      "geometry": {
        "type": "Point",
        "coordinates": [
          6.14153,
          52.88964
        ]
      },
      "properties": {
        "name": "Noordwolde",
        "country": "The Netherlands",
        "region": "Friesland",
        "elevation_m": null,
        "population": 3605,
        "feature_type": "populated place",
        "geoname_id": 2749807
      }
    },
    {
      "type": "Feature",
      "geometry": {
        "type": "Point",
        "coordinates": [
          4.76994,
          51.59911
        ]
      },
      "properties": {
        "name": "Belcrum",
        "country": "The Netherlands",
        "region": "North Brabant",
        "elevation_m": null,
        "population": 3605,
        "feature_type": "section of populated place",
        "geoname_id": 2759259
      }
    },
    {
      "type": "Feature",
      "geometry": {
        "type": "Point",
        "coordinates": [
          5.90833,
          50.95083
        ]
      },
      "properties": {
        "name": "Oirsbeek",
        "country": "The Netherlands",
        "region": "Limburg",
        "elevation_m": null,
        "population": 3600,
        "feature_type": "populated place",
        "geoname_id": 2749685
      }
    },
    {
      "type": "Feature",
      "geometry": {
        "type": "Point",
        "coordinates": [
          5.60694,
          51.6
        ]
      },
      "properties": {
        "name": "Erp",
        "country": "The Netherlands",
        "region": "North Brabant",
        "elevation_m": null,
        "population": 3600,
        "feature_type": "populated place",
        "geoname_id": 2756035
      }
    },
    {
      "type": "Feature",
      "geometry": {
        "type": "Point",
        "coordinates": [
          5.33194,
          51.91167
        ]
      },
      "properties": {
        "name": "Buren",
        "country": "The Netherlands",
        "region": "Gelderland",
        "elevation_m": null,
        "population": 3595,
        "feature_type": "populated place",
        "geoname_id": 2758097
      }
    },
    {
      "type": "Feature",
      "geometry": {
        "type": "Point",
        "coordinates": [
          5.62914,
          51.53843
        ]
      },
      "properties": {
        "name": "Donk",
        "country": "The Netherlands",
        "region": "North Brabant",
        "elevation_m": null,
        "population": 3580,
        "feature_type": "populated place",
        "geoname_id": 2756706
      }
    },
    {
      "type": "Feature",
      "geometry": {
        "type": "Point",
        "coordinates": [
          6.14926,
          52.2763
        ]
      },
      "properties": {
        "name": "Borgele",
        "country": "The Netherlands",
        "region": "Overijssel",
        "elevation_m": null,
        "population": 3580,
        "feature_type": "section of populated place",
        "geoname_id": 2758623
      }
    },
    {
      "type": "Feature",
      "geometry": {
        "type": "Point",
        "coordinates": [
          5.48333,
          51.46667
        ]
      },
      "properties": {
        "name": "Vlokhoven",
        "country": "The Netherlands",
        "region": "North Brabant",
        "elevation_m": null,
        "population": 3570,
        "feature_type": "populated place",
        "geoname_id": 2745373
      }
    },
    {
      "type": "Feature",
      "geometry": {
        "type": "Point",
        "coordinates": [
          4.25556,
          52.01333
        ]
      },
      "properties": {
        "name": "Kwintsheul",
        "country": "The Netherlands",
        "region": "South Holland",
        "elevation_m": null,
        "population": 3560,
        "feature_type": "populated place",
        "geoname_id": 2752130
      }
    },
    {
      "type": "Feature",
      "geometry": {
        "type": "Point",
        "coordinates": [
          5.4672,
          51.4733
        ]
      },
      "properties": {
        "name": "Jagershoef",
        "country": "The Netherlands",
        "region": "North Brabant",
        "elevation_m": null,
        "population": 3560,
        "feature_type": "section of populated place",
        "geoname_id": 2753282
      }
    },
    {
      "type": "Feature",
      "geometry": {
        "type": "Point",
        "coordinates": [
          5.88889,
          50.81583
        ]
      },
      "properties": {
        "name": "Gulpen",
        "country": "The Netherlands",
        "region": "Limburg",
        "elevation_m": null,
        "population": 3560,
        "feature_type": "populated place",
        "geoname_id": 2755045
      }
    },
    {
      "type": "Feature",
      "geometry": {
        "type": "Point",
        "coordinates": [
          5.65417,
          51.6425
        ]
      },
      "properties": {
        "name": "Volkel",
        "country": "The Netherlands",
        "region": "North Brabant",
        "elevation_m": null,
        "population": 3560,
        "feature_type": "populated place",
        "geoname_id": 2745338
      }
    },
    {
      "type": "Feature",
      "geometry": {
        "type": "Point",
        "coordinates": [
          5.77222,
          50.99083
        ]
      },
      "properties": {
        "name": "Urmond",
        "country": "The Netherlands",
        "region": "Limburg",
        "elevation_m": null,
        "population": 3560,
        "feature_type": "populated place",
        "geoname_id": 2745926
      }
    },
    {
      "type": "Feature",
      "geometry": {
        "type": "Point",
        "coordinates": [
          5.96667,
          52.23333
        ]
      },
      "properties": {
        "name": "Kerschoten",
        "country": "The Netherlands",
        "region": "Gelderland",
        "elevation_m": null,
        "population": 3540,
        "feature_type": "section of populated place",
        "geoname_id": 2752910
      }
    },
    {
      "type": "Feature",
      "geometry": {
        "type": "Point",
        "coordinates": [
          6.03472,
          51.12333
        ]
      },
      "properties": {
        "name": "Posterholt",
        "country": "The Netherlands",
        "region": "Limburg",
        "elevation_m": null,
        "population": 3540,
        "feature_type": "populated place",
        "geoname_id": 2748481
      }
    },
    {
      "type": "Feature",
      "geometry": {
        "type": "Point",
        "coordinates": [
          5.59479,
          51.52036
        ]
      },
      "properties": {
        "name": "Lieshout",
        "country": "The Netherlands",
        "region": "North Brabant",
        "elevation_m": null,
        "population": 3530,
        "feature_type": "populated place",
        "geoname_id": 2751627
      }
    },
    {
      "type": "Feature",
      "geometry": {
        "type": "Point",
        "coordinates": [
          6.20139,
          52.20167
        ]
      },
      "properties": {
        "name": "Gorssel",
        "country": "The Netherlands",
        "region": "Gelderland",
        "elevation_m": null,
        "population": 3530,
        "feature_type": "populated place",
        "geoname_id": 2755428
      }
    },
    {
      "type": "Feature",
      "geometry": {
        "type": "Point",
        "coordinates": [
          4.51537,
          51.95328
        ]
      },
      "properties": {
        "name": "Terbregge",
        "country": "The Netherlands",
        "region": "South Holland",
        "elevation_m": null,
        "population": 3525,
        "feature_type": "section of populated place",
        "geoname_id": 2746464
      }
    },
    {
      "type": "Feature",
      "geometry": {
        "type": "Point",
        "coordinates": [
          4.34306,
          51.8125
        ]
      },
      "properties": {
        "name": "Nieuw-Beijerland",
        "country": "The Netherlands",
        "region": "South Holland",
        "elevation_m": null,
        "population": 3510,
        "feature_type": "populated place",
        "geoname_id": 2750371
      }
    },
    {
      "type": "Feature",
      "geometry": {
        "type": "Point",
        "coordinates": [
          4.94722,
          52.62583
        ]
      },
      "properties": {
        "name": "De Goorn",
        "country": "The Netherlands",
        "region": "North Holland",
        "elevation_m": null,
        "population": 3510,
        "feature_type": "populated place",
        "geoname_id": 2757623
      }
    },
    {
      "type": "Feature",
      "geometry": {
        "type": "Point",
        "coordinates": [
          4.9625,
          51.955
        ]
      },
      "properties": {
        "name": "Ameide",
        "country": "The Netherlands",
        "region": "Utrecht",
        "elevation_m": null,
        "population": 3500,
        "feature_type": "populated place",
        "geoname_id": 2759849
      }
    },
    {
      "type": "Feature",
      "geometry": {
        "type": "Point",
        "coordinates": [
          5.55417,
          51.35083
        ]
      },
      "properties": {
        "name": "Leende",
        "country": "The Netherlands",
        "region": "North Brabant",
        "elevation_m": null,
        "population": 3490,
        "feature_type": "populated place",
        "geoname_id": 2751821
      }
    },
    {
      "type": "Feature",
      "geometry": {
        "type": "Point",
        "coordinates": [
          4.44583,
          51.77
        ]
      },
      "properties": {
        "name": "Klaaswaal",
        "country": "The Netherlands",
        "region": "South Holland",
        "elevation_m": null,
        "population": 3490,
        "feature_type": "populated place",
        "geoname_id": 2752814
      }
    },
    {
      "type": "Feature",
      "geometry": {
        "type": "Point",
        "coordinates": [
          5.6226,
          51.46152
        ]
      },
      "properties": {
        "name": "Schutsboom",
        "country": "The Netherlands",
        "region": "North Brabant",
        "elevation_m": null,
        "population": 3490,
        "feature_type": "populated place",
        "geoname_id": 2747425
      }
    },
    {
      "type": "Feature",
      "geometry": {
        "type": "Point",
        "coordinates": [
          5.65,
          53.2
        ]
      },
      "properties": {
        "name": "Dronryp",
        "country": "The Netherlands",
        "region": "Friesland",
        "elevation_m": null,
        "population": 3486,
        "feature_type": "populated place",
        "geoname_id": 2756561
      }
    },
    {
      "type": "Feature",
      "geometry": {
        "type": "Point",
        "coordinates": [
          6.07711,
          53.05914
        ]
      },
      "properties": {
        "name": "Beetsterzwaag",
        "country": "The Netherlands",
        "region": "Friesland",
        "elevation_m": null,
        "population": 3485,
        "feature_type": "populated place",
        "geoname_id": 2759275
      }
    },
    {
      "type": "Feature",
      "geometry": {
        "type": "Point",
        "coordinates": [
          5.47778,
          51.39667
        ]
      },
      "properties": {
        "name": "Aalst",
        "country": "The Netherlands",
        "region": "North Brabant",
        "elevation_m": null,
        "population": 3480,
        "feature_type": "section of populated place",
        "geoname_id": 2760129
      }
    },
    {
      "type": "Feature",
      "geometry": {
        "type": "Point",
        "coordinates": [
          5.93177,
          52.18464
        ]
      },
      "properties": {
        "name": "Ugchelen",
        "country": "The Netherlands",
        "region": "Gelderland",
        "elevation_m": null,
        "population": 3475,
        "feature_type": "populated place",
        "geoname_id": 2745997
      }
    },
    {
      "type": "Feature",
      "geometry": {
        "type": "Point",
        "coordinates": [
          5.51926,
          51.44943
        ]
      },
      "properties": {
        "name": "'t Hofke",
        "country": "The Netherlands",
        "region": "North Brabant",
        "elevation_m": null,
        "population": 3475,
        "feature_type": "section of populated place",
        "geoname_id": 2746354
      }
    },
    {
      "type": "Feature",
      "geometry": {
        "type": "Point",
        "coordinates": [
          5.51806,
          51.94833
        ]
      },
      "properties": {
        "name": "Lienden",
        "country": "The Netherlands",
        "region": "Gelderland",
        "elevation_m": null,
        "population": 3470,
        "feature_type": "populated place",
        "geoname_id": 2751641
      }
    },
    {
      "type": "Feature",
      "geometry": {
        "type": "Point",
        "coordinates": [
          6.65299,
          52.58579
        ]
      },
      "properties": {
        "name": "Baalder",
        "country": "The Netherlands",
        "region": "Overijssel",
        "elevation_m": null,
        "population": 3470,
        "feature_type": "populated place",
        "geoname_id": 2759575
      }
    },
    {
      "type": "Feature",
      "geometry": {
        "type": "Point",
        "coordinates": [
          5.55,
          51.41667
        ]
      },
      "properties": {
        "name": "Zesgehuchten",
        "country": "The Netherlands",
        "region": "North Brabant",
        "elevation_m": null,
        "population": 3460,
        "feature_type": "populated place",
        "geoname_id": 2743956
      }
    },
    {
      "type": "Feature",
      "geometry": {
        "type": "Point",
        "coordinates": [
          4.90278,
          52.75417
        ]
      },
      "properties": {
        "name": "Winkel",
        "country": "The Netherlands",
        "region": "North Holland",
        "elevation_m": null,
        "population": 3460,
        "feature_type": "populated place",
        "geoname_id": 2744354
      }
    },
    {
      "type": "Feature",
      "geometry": {
        "type": "Point",
        "coordinates": [
          5.09285,
          52.01088
        ]
      },
      "properties": {
        "name": "Vreeswijk",
        "country": "The Netherlands",
        "region": "Utrecht",
        "elevation_m": null,
        "population": 3460,
        "feature_type": "section of populated place",
        "geoname_id": 2745195
      }
    },
    {
      "type": "Feature",
      "geometry": {
        "type": "Point",
        "coordinates": [
          5.96789,
          52.20503
        ]
      },
      "properties": {
        "name": "Brummelhof",
        "country": "The Netherlands",
        "region": "Gelderland",
        "elevation_m": 13,
        "population": 3455,
        "feature_type": "section of populated place",
        "geoname_id": 6621517
      }
    },
    {
      "type": "Feature",
      "geometry": {
        "type": "Point",
        "coordinates": [
          5.75278,
          52.13
        ]
      },
      "properties": {
        "name": "Harskamp",
        "country": "The Netherlands",
        "region": "Gelderland",
        "elevation_m": null,
        "population": 3450,
        "feature_type": "populated place",
        "geoname_id": 2754804
      }
    },
    {
      "type": "Feature",
      "geometry": {
        "type": "Point",
        "coordinates": [
          5.86628,
          51.00869
        ]
      },
      "properties": {
        "name": "Overhoven",
        "country": "The Netherlands",
        "region": "Limburg",
        "elevation_m": null,
        "population": 3450,
        "feature_type": "section of populated place",
        "geoname_id": 2748839
      }
    },
    {
      "type": "Feature",
      "geometry": {
        "type": "Point",
        "coordinates": [
          5.37222,
          51.665
        ]
      },
      "properties": {
        "name": "Den Dungen",
        "country": "The Netherlands",
        "region": "North Brabant",
        "elevation_m": null,
        "population": 3450,
        "feature_type": "populated place",
        "geoname_id": 2757237
      }
    },
    {
      "type": "Feature",
      "geometry": {
        "type": "Point",
        "coordinates": [
          4.39583,
          51.36
        ]
      },
      "properties": {
        "name": "Putte",
        "country": "The Netherlands",
        "region": "North Brabant",
        "elevation_m": null,
        "population": 3440,
        "feature_type": "populated place",
        "geoname_id": 2748397
      }
    },
    {
      "type": "Feature",
      "geometry": {
        "type": "Point",
        "coordinates": [
          5.83087,
          53.05024
        ]
      },
      "properties": {
        "name": "Akkrum",
        "country": "The Netherlands",
        "region": "Friesland",
        "elevation_m": null,
        "population": 3440,
        "feature_type": "populated place",
        "geoname_id": 2759922
      }
    },
    {
      "type": "Feature",
      "geometry": {
        "type": "Point",
        "coordinates": [
          5.98832,
          53.23558
        ]
      },
      "properties": {
        "name": "Feanwâlden",
        "country": "The Netherlands",
        "region": "Friesland",
        "elevation_m": null,
        "population": 3440,
        "feature_type": "populated place",
        "geoname_id": 2745743
      }
    },
    {
      "type": "Feature",
      "geometry": {
        "type": "Point",
        "coordinates": [
          5.39361,
          51.41141
        ]
      },
      "properties": {
        "name": "Zonderwijk",
        "country": "The Netherlands",
        "region": "North Brabant",
        "elevation_m": null,
        "population": 3435,
        "feature_type": "section of populated place",
        "geoname_id": 2743844
      }
    },
    {
      "type": "Feature",
      "geometry": {
        "type": "Point",
        "coordinates": [
          4.91528,
          52.0625
        ]
      },
      "properties": {
        "name": "Linschoten",
        "country": "The Netherlands",
        "region": "Utrecht",
        "elevation_m": null,
        "population": 3435,
        "feature_type": "populated place",
        "geoname_id": 2751561
      }
    },
    {
      "type": "Feature",
      "geometry": {
        "type": "Point",
        "coordinates": [
          5.54028,
          52.07333
        ]
      },
      "properties": {
        "name": "Renswoude",
        "country": "The Netherlands",
        "region": "Utrecht",
        "elevation_m": null,
        "population": 3420,
        "feature_type": "populated place",
        "geoname_id": 2748228
      }
    },
    {
      "type": "Feature",
      "geometry": {
        "type": "Point",
        "coordinates": [
          5.93107,
          50.87769
        ]
      },
      "properties": {
        "name": "Kunrade",
        "country": "The Netherlands",
        "region": "Limburg",
        "elevation_m": null,
        "population": 3405,
        "feature_type": "populated place",
        "geoname_id": 2752151
      }
    },
    {
      "type": "Feature",
      "geometry": {
        "type": "Point",
        "coordinates": [
          6.71944,
          53.0575
        ]
      },
      "properties": {
        "name": "Annen",
        "country": "The Netherlands",
        "region": "Drenthe",
        "elevation_m": null,
        "population": 3405,
        "feature_type": "populated place",
        "geoname_id": 2759729
      }
    },
    {
      "type": "Feature",
      "geometry": {
        "type": "Point",
        "coordinates": [
          5.83205,
          50.86523
        ]
      },
      "properties": {
        "name": "Valkenburg",
        "country": "The Netherlands",
        "region": "Limburg",
        "elevation_m": null,
        "population": 3400,
        "feature_type": "populated place",
        "geoname_id": 2745874
      }
    },
    {
      "type": "Feature",
      "geometry": {
        "type": "Point",
        "coordinates": [
          5.08658,
          51.5638
        ]
      },
      "properties": {
        "name": "Besterd",
        "country": "The Netherlands",
        "region": "North Brabant",
        "elevation_m": null,
        "population": 3395,
        "feature_type": "section of populated place",
        "geoname_id": 8692975
      }
    },
    {
      "type": "Feature",
      "geometry": {
        "type": "Point",
        "coordinates": [
          6.9625,
          52.88167
        ]
      },
      "properties": {
        "name": "Valthermond",
        "country": "The Netherlands",
        "region": "Drenthe",
        "elevation_m": null,
        "population": 3385,
        "feature_type": "populated place",
        "geoname_id": 2745842
      }
    },
    {
      "type": "Feature",
      "geometry": {
        "type": "Point",
        "coordinates": [
          4.80417,
          52.89
        ]
      },
      "properties": {
        "name": "Breezand",
        "country": "The Netherlands",
        "region": "North Holland",
        "elevation_m": null,
        "population": 3370,
        "feature_type": "populated place",
        "geoname_id": 2758360
      }
    },
    {
      "type": "Feature",
      "geometry": {
        "type": "Point",
        "coordinates": [
          4.57222,
          52.25667
        ]
      },
      "properties": {
        "name": "Lisserbroek",
        "country": "The Netherlands",
        "region": "North Holland",
        "elevation_m": null,
        "population": 3360,
        "feature_type": "populated place",
        "geoname_id": 2751544
      }
    },
    {
      "type": "Feature",
      "geometry": {
        "type": "Point",
        "coordinates": [
          5.84306,
          50.94
        ]
      },
      "properties": {
        "name": "Spaubeek",
        "country": "The Netherlands",
        "region": "Limburg",
        "elevation_m": null,
        "population": 3360,
        "feature_type": "populated place",
        "geoname_id": 2746964
      }
    },
    {
      "type": "Feature",
      "geometry": {
        "type": "Point",
        "coordinates": [
          5.50106,
          51.43791
        ]
      },
      "properties": {
        "name": "Lakerlopen",
        "country": "The Netherlands",
        "region": "North Brabant",
        "elevation_m": null,
        "population": 3355,
        "feature_type": "section of populated place",
        "geoname_id": 6929985
      }
    },
    {
      "type": "Feature",
      "geometry": {
        "type": "Point",
        "coordinates": [
          3.61132,
          51.50964
        ]
      },
      "properties": {
        "name": "Klarenbeek",
        "country": "The Netherlands",
        "region": "Zeeland",
        "elevation_m": null,
        "population": 3350,
        "feature_type": "section of populated place",
        "geoname_id": 2752806
      }
    },
    {
      "type": "Feature",
      "geometry": {
        "type": "Point",
        "coordinates": [
          6.27361,
          53.2125
        ]
      },
      "properties": {
        "name": "Grootegast",
        "country": "The Netherlands",
        "region": "Groningen",
        "elevation_m": null,
        "population": 3350,
        "feature_type": "populated place",
        "geoname_id": 2755204
      }
    },
    {
      "type": "Feature",
      "geometry": {
        "type": "Point",
        "coordinates": [
          5.05196,
          52.13638
        ]
      },
      "properties": {
        "name": "Zandweg-Oostwaard",
        "country": "The Netherlands",
        "region": "Utrecht",
        "elevation_m": null,
        "population": 3345,
        "feature_type": "section of populated place",
        "geoname_id": 12207019
      }
    },
    {
      "type": "Feature",
      "geometry": {
        "type": "Point",
        "coordinates": [
          5.88194,
          51.62667
        ]
      },
      "properties": {
        "name": "Sint Anthonis",
        "country": "The Netherlands",
        "region": "North Brabant",
        "elevation_m": null,
        "population": 3340,
        "feature_type": "populated place",
        "geoname_id": 2747290
      }
    },
    {
      "type": "Feature",
      "geometry": {
        "type": "Point",
        "coordinates": [
          3.85972,
          51.33083
        ]
      },
      "properties": {
        "name": "Othene",
        "country": "The Netherlands",
        "region": "Zeeland",
        "elevation_m": null,
        "population": 3325,
        "feature_type": "section of populated place",
        "geoname_id": 2749205
      }
    },
    {
      "type": "Feature",
      "geometry": {
        "type": "Point",
        "coordinates": [
          5.82083,
          50.82083
        ]
      },
      "properties": {
        "name": "Margraten",
        "country": "The Netherlands",
        "region": "Limburg",
        "elevation_m": null,
        "population": 3320,
        "feature_type": "populated place",
        "geoname_id": 2751199
      }
    },
    {
      "type": "Feature",
      "geometry": {
        "type": "Point",
        "coordinates": [
          5.9625,
          51.18083
        ]
      },
      "properties": {
        "name": "Herten",
        "country": "The Netherlands",
        "region": "Limburg",
        "elevation_m": null,
        "population": 3305,
        "feature_type": "populated place",
        "geoname_id": 2754331
      }
    },
    {
      "type": "Feature",
      "geometry": {
        "type": "Point",
        "coordinates": [
          4.82361,
          51.92333
        ]
      },
      "properties": {
        "name": "Groot-Ammers",
        "country": "The Netherlands",
        "region": "South Holland",
        "elevation_m": null,
        "population": 3305,
        "feature_type": "populated place",
        "geoname_id": 2755239
      }
    },
    {
      "type": "Feature",
      "geometry": {
        "type": "Point",
        "coordinates": [
          6.75556,
          52.69917
        ]
      },
      "properties": {
        "name": "Dalen",
        "country": "The Netherlands",
        "region": "Drenthe",
        "elevation_m": null,
        "population": 3295,
        "feature_type": "populated place",
        "geoname_id": 2757857
      }
    },
    {
      "type": "Feature",
      "geometry": {
        "type": "Point",
        "coordinates": [
          6.45833,
          53.06667
        ]
      },
      "properties": {
        "name": "Norg",
        "country": "The Netherlands",
        "region": "Drenthe",
        "elevation_m": null,
        "population": 3290,
        "feature_type": "populated place",
        "geoname_id": 2749796
      }
    },
    {
      "type": "Feature",
      "geometry": {
        "type": "Point",
        "coordinates": [
          5.40231,
          53.05458
        ]
      },
      "properties": {
        "name": "Makkum",
        "country": "The Netherlands",
        "region": "Friesland",
        "elevation_m": null,
        "population": 3285,
        "feature_type": "populated place",
        "geoname_id": 2751254
      }
    },
    {
      "type": "Feature",
      "geometry": {
        "type": "Point",
        "coordinates": [
          6.225,
          52.16667
        ]
      },
      "properties": {
        "name": "Eefde",
        "country": "The Netherlands",
        "region": "Gelderland",
        "elevation_m": null,
        "population": 3285,
        "feature_type": "populated place",
        "geoname_id": 2756418
      }
    },
    {
      "type": "Feature",
      "geometry": {
        "type": "Point",
        "coordinates": [
          5.74242,
          52.92293
        ]
      },
      "properties": {
        "name": "Sint Nicolaasga",
        "country": "The Netherlands",
        "region": "Friesland",
        "elevation_m": null,
        "population": 3285,
        "feature_type": "populated place",
        "geoname_id": 2747231
      }
    },
    {
      "type": "Feature",
      "geometry": {
        "type": "Point",
        "coordinates": [
          5.90139,
          52.445
        ]
      },
      "properties": {
        "name": "Oldebroek",
        "country": "The Netherlands",
        "region": "Gelderland",
        "elevation_m": null,
        "population": 3275,
        "feature_type": "populated place",
        "geoname_id": 2749668
      }
    },
    {
      "type": "Feature",
      "geometry": {
        "type": "Point",
        "coordinates": [
          5.42222,
          51.96083
        ]
      },
      "properties": {
        "name": "Maurik",
        "country": "The Netherlands",
        "region": "Gelderland",
        "elevation_m": null,
        "population": 3270,
        "feature_type": "populated place",
        "geoname_id": 2751085
      }
    },
    {
      "type": "Feature",
      "geometry": {
        "type": "Point",
        "coordinates": [
          5.46021,
          51.35935
        ]
      },
      "properties": {
        "name": "Geenhoven",
        "country": "The Netherlands",
        "region": "North Brabant",
        "elevation_m": null,
        "population": 3270,
        "feature_type": "section of populated place",
        "geoname_id": 2755685
      }
    },
    {
      "type": "Feature",
      "geometry": {
        "type": "Point",
        "coordinates": [
          5.67778,
          52.35833
        ]
      },
      "properties": {
        "name": "Hierden",
        "country": "The Netherlands",
        "region": "Gelderland",
        "elevation_m": null,
        "population": 3240,
        "feature_type": "populated place",
        "geoname_id": 2754097
      }
    },
    {
      "type": "Feature",
      "geometry": {
        "type": "Point",
        "coordinates": [
          5.38991,
          51.51505
        ]
      },
      "properties": {
        "name": "Salderes",
        "country": "The Netherlands",
        "region": "North Brabant",
        "elevation_m": null,
        "population": 3240,
        "feature_type": "section of populated place",
        "geoname_id": 6640199
      }
    },
    {
      "type": "Feature",
      "geometry": {
        "type": "Point",
        "coordinates": [
          6.12183,
          53.00396
        ]
      },
      "properties": {
        "name": "Jubbega",
        "country": "The Netherlands",
        "region": "Friesland",
        "elevation_m": null,
        "population": 3230,
        "feature_type": "populated place",
        "geoname_id": 6692371
      }
    },
    {
      "type": "Feature",
      "geometry": {
        "type": "Point",
        "coordinates": [
          5.85556,
          50.88917
        ]
      },
      "properties": {
        "name": "Hulsberg",
        "country": "The Netherlands",
        "region": "Limburg",
        "elevation_m": null,
        "population": 3215,
        "feature_type": "populated place",
        "geoname_id": 2753452
      }
    },
    {
      "type": "Feature",
      "geometry": {
        "type": "Point",
        "coordinates": [
          5.02639,
          52.85083
        ]
      },
      "properties": {
        "name": "Wieringerwerf",
        "country": "The Netherlands",
        "region": "North Holland",
        "elevation_m": null,
        "population": 3210,
        "feature_type": "populated place",
        "geoname_id": 2744532
      }
    },
    {
      "type": "Feature",
      "geometry": {
        "type": "Point",
        "coordinates": [
          5.78333,
          50.86167
        ]
      },
      "properties": {
        "name": "Berg",
        "country": "The Netherlands",
        "region": "Limburg",
        "elevation_m": null,
        "population": 3200,
        "feature_type": "populated place",
        "geoname_id": 2759164
      }
    },
    {
      "type": "Feature",
      "geometry": {
        "type": "Point",
        "coordinates": [
          5.99141,
          52.21954
        ]
      },
      "properties": {
        "name": "De Mheen",
        "country": "The Netherlands",
        "region": "Gelderland",
        "elevation_m": null,
        "population": 3190,
        "feature_type": "section of populated place",
        "geoname_id": 2757290
      }
    },
    {
      "type": "Feature",
      "geometry": {
        "type": "Point",
        "coordinates": [
          5.62312,
          53.01009
        ]
      },
      "properties": {
        "name": "IJlst",
        "country": "The Netherlands",
        "region": "Friesland",
        "elevation_m": null,
        "population": 3180,
        "feature_type": "populated place",
        "geoname_id": 2753379
      }
    },
    {
      "type": "Feature",
      "geometry": {
        "type": "Point",
        "coordinates": [
          5.43405,
          51.44219
        ]
      },
      "properties": {
        "name": "Lievendaal",
        "country": "The Netherlands",
        "region": "North Brabant",
        "elevation_m": null,
        "population": 3175,
        "feature_type": "section of populated place",
        "geoname_id": 2751615
      }
    },
    {
      "type": "Feature",
      "geometry": {
        "type": "Point",
        "coordinates": [
          5.75833,
          51.98417
        ]
      },
      "properties": {
        "name": "Heelsum",
        "country": "The Netherlands",
        "region": "Gelderland",
        "elevation_m": null,
        "population": 3175,
        "feature_type": "populated place",
        "geoname_id": 2754703
      }
    },
    {
      "type": "Feature",
      "geometry": {
        "type": "Point",
        "coordinates": [
          6.02471,
          50.85559
        ]
      },
      "properties": {
        "name": "Spekholzerheide",
        "country": "The Netherlands",
        "region": "Limburg",
        "elevation_m": null,
        "population": 3175,
        "feature_type": "populated place",
        "geoname_id": 2746956
      }
    },
    {
      "type": "Feature",
      "geometry": {
        "type": "Point",
        "coordinates": [
          5.82778,
          52.63667
        ]
      },
      "properties": {
        "name": "Ens",
        "country": "The Netherlands",
        "region": "Flevoland",
        "elevation_m": null,
        "population": 3174,
        "feature_type": "populated place",
        "geoname_id": 2756072
      }
    },
    {
      "type": "Feature",
      "geometry": {
        "type": "Point",
        "coordinates": [
          6.04591,
          50.91229
        ]
      },
      "properties": {
        "name": "Lauradorp",
        "country": "The Netherlands",
        "region": "Limburg",
        "elevation_m": null,
        "population": 3170,
        "feature_type": "section of populated place",
        "geoname_id": 2751858
      }
    },
    {
      "type": "Feature",
      "geometry": {
        "type": "Point",
        "coordinates": [
          4.80556,
          52.71583
        ]
      },
      "properties": {
        "name": "Oudkarspel",
        "country": "The Netherlands",
        "region": "North Holland",
        "elevation_m": null,
        "population": 3170,
        "feature_type": "populated place",
        "geoname_id": 2748943
      }
    },
    {
      "type": "Feature",
      "geometry": {
        "type": "Point",
        "coordinates": [
          4.95833,
          51.48167
        ]
      },
      "properties": {
        "name": "Alphen",
        "country": "The Netherlands",
        "region": "North Brabant",
        "elevation_m": null,
        "population": 3160,
        "feature_type": "populated place",
        "geoname_id": 2759877
      }
    },
    {
      "type": "Feature",
      "geometry": {
        "type": "Point",
        "coordinates": [
          6.05981,
          50.87554
        ]
      },
      "properties": {
        "name": "Chevremont",
        "country": "The Netherlands",
        "region": "Limburg",
        "elevation_m": null,
        "population": 3160,
        "feature_type": "populated place",
        "geoname_id": 6619678
      }
    },
    {
      "type": "Feature",
      "geometry": {
        "type": "Point",
        "coordinates": [
          4.99861,
          52.80667
        ]
      },
      "properties": {
        "name": "Middenmeer",
        "country": "The Netherlands",
        "region": "North Holland",
        "elevation_m": null,
        "population": 3155,
        "feature_type": "populated place",
        "geoname_id": 2750850
      }
    },
    {
      "type": "Feature",
      "geometry": {
        "type": "Point",
        "coordinates": [
          6.06194,
          51.94151
        ]
      },
      "properties": {
        "name": "Stegeslag",
        "country": "The Netherlands",
        "region": "Gelderland",
        "elevation_m": null,
        "population": 3145,
        "feature_type": "section of populated place",
        "geoname_id": 2746753
      }
    },
    {
      "type": "Feature",
      "geometry": {
        "type": "Point",
        "coordinates": [
          5.57778,
          52.06333
        ]
      },
      "properties": {
        "name": "Ederveen",
        "country": "The Netherlands",
        "region": "Gelderland",
        "elevation_m": null,
        "population": 3100,
        "feature_type": "populated place",
        "geoname_id": 2756426
      }
    },
    {
      "type": "Feature",
      "geometry": {
        "type": "Point",
        "coordinates": [
          4.09444,
          51.66167
        ]
      },
      "properties": {
        "name": "Bruinisse",
        "country": "The Netherlands",
        "region": "Zeeland",
        "elevation_m": null,
        "population": 3100,
        "feature_type": "populated place",
        "geoname_id": 2758186
      }
    },
    {
      "type": "Feature",
      "geometry": {
        "type": "Point",
        "coordinates": [
          6.95833,
          52.77
        ]
      },
      "properties": {
        "name": "Barger-Oosterveld",
        "country": "The Netherlands",
        "region": "Drenthe",
        "elevation_m": null,
        "population": 3090,
        "feature_type": "populated place",
        "geoname_id": 2759415
      }
    },
    {
      "type": "Feature",
      "geometry": {
        "type": "Point",
        "coordinates": [
          6.13138,
          52.79319
        ]
      },
      "properties": {
        "name": "Oostermeenthe",
        "country": "The Netherlands",
        "region": "Overijssel",
        "elevation_m": null,
        "population": 3075,
        "feature_type": "section of populated place",
        "geoname_id": 2749431
      }
    },
    {
      "type": "Feature",
      "geometry": {
        "type": "Point",
        "coordinates": [
          6.58944,
          53.1941
        ]
      },
      "properties": {
        "name": "Coendersborg",
        "country": "The Netherlands",
        "region": "Groningen",
        "elevation_m": null,
        "population": 3075,
        "feature_type": "section of populated place",
        "geoname_id": 2757942
      }
    },
    {
      "type": "Feature",
      "geometry": {
        "type": "Point",
        "coordinates": [
          5.95167,
          52.21302
        ]
      },
      "properties": {
        "name": "Brinkhorst",
        "country": "The Netherlands",
        "region": "Gelderland",
        "elevation_m": null,
        "population": 3070,
        "feature_type": "section of populated place",
        "geoname_id": 2758311
      }
    },
    {
      "type": "Feature",
      "geometry": {
        "type": "Point",
        "coordinates": [
          5.97691,
          52.19951
        ]
      },
      "properties": {
        "name": "Staatsliedenkwartier",
        "country": "The Netherlands",
        "region": "Gelderland",
        "elevation_m": 12,
        "population": 3065,
        "feature_type": "section of populated place",
        "geoname_id": 6621516
      }
    },
    {
      "type": "Feature",
      "geometry": {
        "type": "Point",
        "coordinates": [
          6.24015,
          52.76941
        ]
      },
      "properties": {
        "name": "Havelte",
        "country": "The Netherlands",
        "region": "Drenthe",
        "elevation_m": null,
        "population": 3060,
        "feature_type": "populated place",
        "geoname_id": 2754752
      }
    },
    {
      "type": "Feature",
      "geometry": {
        "type": "Point",
        "coordinates": [
          5.67844,
          53.03987
        ]
      },
      "properties": {
        "name": "Stadsfenne",
        "country": "The Netherlands",
        "region": "Friesland",
        "elevation_m": null,
        "population": 3060,
        "feature_type": "section of populated place",
        "geoname_id": 2746862
      }
    },
    {
      "type": "Feature",
      "geometry": {
        "type": "Point",
        "coordinates": [
          4.64444,
          52.21417
        ]
      },
      "properties": {
        "name": "Oude Wetering",
        "country": "The Netherlands",
        "region": "South Holland",
        "elevation_m": null,
        "population": 3055,
        "feature_type": "populated place",
        "geoname_id": 2748968
      }
    },
    {
      "type": "Feature",
      "geometry": {
        "type": "Point",
        "coordinates": [
          5.99304,
          52.20482
        ]
      },
      "properties": {
        "name": "Matenhorst",
        "country": "The Netherlands",
        "region": "Gelderland",
        "elevation_m": 10,
        "population": 3055,
        "feature_type": "section of populated place",
        "geoname_id": 6621510
      }
    },
    {
      "type": "Feature",
      "geometry": {
        "type": "Point",
        "coordinates": [
          6.11806,
          51.8625
        ]
      },
      "properties": {
        "name": "Lobith",
        "country": "The Netherlands",
        "region": "Gelderland",
        "elevation_m": null,
        "population": 3045,
        "feature_type": "populated place",
        "geoname_id": 2751538
      }
    },
    {
      "type": "Feature",
      "geometry": {
        "type": "Point",
        "coordinates": [
          4.59583,
          51.85083
        ]
      },
      "properties": {
        "name": "Rijsoord",
        "country": "The Netherlands",
        "region": "South Holland",
        "elevation_m": null,
        "population": 3045,
        "feature_type": "populated place",
        "geoname_id": 2748085
      }
    },
    {
      "type": "Feature",
      "geometry": {
        "type": "Point",
        "coordinates": [
          5.22083,
          51.74917
        ]
      },
      "properties": {
        "name": "Ammerzoden",
        "country": "The Netherlands",
        "region": "Gelderland",
        "elevation_m": null,
        "population": 3040,
        "feature_type": "populated place",
        "geoname_id": 2759813
      }
    },
    {
      "type": "Feature",
      "geometry": {
        "type": "Point",
        "coordinates": [
          5.92978,
          50.88327
        ]
      },
      "properties": {
        "name": "Voerendaal",
        "country": "The Netherlands",
        "region": "Limburg",
        "elevation_m": null,
        "population": 3035,
        "feature_type": "populated place",
        "geoname_id": 2745369
      }
    },
    {
      "type": "Feature",
      "geometry": {
        "type": "Point",
        "coordinates": [
          6.05417,
          51.29167
        ]
      },
      "properties": {
        "name": "Kessel",
        "country": "The Netherlands",
        "region": "Limburg",
        "elevation_m": null,
        "population": 3020,
        "feature_type": "populated place",
        "geoname_id": 2752906
      }
    },
    {
      "type": "Feature",
      "geometry": {
        "type": "Point",
        "coordinates": [
          5.37884,
          52.24304
        ]
      },
      "properties": {
        "name": "Bunschoten",
        "country": "The Netherlands",
        "region": "Utrecht",
        "elevation_m": null,
        "population": 3015,
        "feature_type": "populated place",
        "geoname_id": 2758104
      }
    },
    {
      "type": "Feature",
      "geometry": {
        "type": "Point",
        "coordinates": [
          3.59598,
          51.50548
        ]
      },
      "properties": {
        "name": "Griffioen",
        "country": "The Netherlands",
        "region": "Zeeland",
        "elevation_m": null,
        "population": 3005,
        "feature_type": "section of populated place",
        "geoname_id": 2755319
      }
    },
    {
      "type": "Feature",
      "geometry": {
        "type": "Point",
        "coordinates": [
          6.9,
          53.31667
        ]
      },
      "properties": {
        "name": "Tuikwerd",
        "country": "The Netherlands",
        "region": "Groningen",
        "elevation_m": null,
        "population": 3005,
        "feature_type": "populated place",
        "geoname_id": 2746131
      }
    },
    {
      "type": "Feature",
      "geometry": {
        "type": "Point",
        "coordinates": [
          5.10833,
          51.7775
        ]
      },
      "properties": {
        "name": "Veen",
        "country": "The Netherlands",
        "region": "North Brabant",
        "elevation_m": null,
        "population": 2991,
        "feature_type": "populated place",
        "geoname_id": 2745784
      }
    },
    {
      "type": "Feature",
      "geometry": {
        "type": "Point",
        "coordinates": [
          6.8625,
          53.08083
        ]
      },
      "properties": {
        "name": "Wildervank",
        "country": "The Netherlands",
        "region": "Groningen",
        "elevation_m": null,
        "population": 2990,
        "feature_type": "populated place",
        "geoname_id": 2744431
      }
    },
    {
      "type": "Feature",
      "geometry": {
        "type": "Point",
        "coordinates": [
          5.72917,
          51.90833
        ]
      },
      "properties": {
        "name": "Andelst",
        "country": "The Netherlands",
        "region": "Gelderland",
        "elevation_m": null,
        "population": 2990,
        "feature_type": "populated place",
        "geoname_id": 2759781
      }
    },
    {
      "type": "Feature",
      "geometry": {
        "type": "Point",
        "coordinates": [
          5.71389,
          51.92833
        ]
      },
      "properties": {
        "name": "Zetten",
        "country": "The Netherlands",
        "region": "Gelderland",
        "elevation_m": null,
        "population": 2985,
        "feature_type": "populated place",
        "geoname_id": 2743952
      }
    },
    {
      "type": "Feature",
      "geometry": {
        "type": "Point",
        "coordinates": [
          5.85443,
          52.44722
        ]
      },
      "properties": {
        "name": "Oostendorp",
        "country": "The Netherlands",
        "region": "Gelderland",
        "elevation_m": null,
        "population": 2985,
        "feature_type": "populated place",
        "geoname_id": 2749506
      }
    },
    {
      "type": "Feature",
      "geometry": {
        "type": "Point",
        "coordinates": [
          3.9125,
          51.3125
        ]
      },
      "properties": {
        "name": "Zaamslag",
        "country": "The Netherlands",
        "region": "Zeeland",
        "elevation_m": null,
        "population": 2980,
        "feature_type": "populated place",
        "geoname_id": 2744122
      }
    },
    {
      "type": "Feature",
      "geometry": {
        "type": "Point",
        "coordinates": [
          5.19167,
          51.8875
        ]
      },
      "properties": {
        "name": "Beesd",
        "country": "The Netherlands",
        "region": "Gelderland",
        "elevation_m": null,
        "population": 2980,
        "feature_type": "populated place",
        "geoname_id": 2759288
      }
    },
    {
      "type": "Feature",
      "geometry": {
        "type": "Point",
        "coordinates": [
          4.99444,
          51.86417
        ]
      },
      "properties": {
        "name": "Arkel",
        "country": "The Netherlands",
        "region": "South Holland",
        "elevation_m": null,
        "population": 2980,
        "feature_type": "populated place",
        "geoname_id": 2759673
      }
    },
    {
      "type": "Feature",
      "geometry": {
        "type": "Point",
        "coordinates": [
          5.63637,
          51.65967
        ]
      },
      "properties": {
        "name": "Raam",
        "country": "The Netherlands",
        "region": "North Brabant",
        "elevation_m": null,
        "population": 2965,
        "feature_type": "populated place",
        "geoname_id": 2748367
      }
    },
    {
      "type": "Feature",
      "geometry": {
        "type": "Point",
        "coordinates": [
          4.95139,
          52.6175
        ]
      },
      "properties": {
        "name": "Avenhorn",
        "country": "The Netherlands",
        "region": "North Holland",
        "elevation_m": null,
        "population": 2945,
        "feature_type": "populated place",
        "geoname_id": 2759601
      }
    },
    {
      "type": "Feature",
      "geometry": {
        "type": "Point",
        "coordinates": [
          5.81389,
          51.95917
        ]
      },
      "properties": {
        "name": "Driel",
        "country": "The Netherlands",
        "region": "Gelderland",
        "elevation_m": null,
        "population": 2940,
        "feature_type": "populated place",
        "geoname_id": 2756591
      }
    },
    {
      "type": "Feature",
      "geometry": {
        "type": "Point",
        "coordinates": [
          5.97665,
          52.18914
        ]
      },
      "properties": {
        "name": "Rivierenkwartier",
        "country": "The Netherlands",
        "region": "Gelderland",
        "elevation_m": 13,
        "population": 2940,
        "feature_type": "section of populated place",
        "geoname_id": 6621515
      }
    },
    {
      "type": "Feature",
      "geometry": {
        "type": "Point",
        "coordinates": [
          6.33453,
          53.06468
        ]
      },
      "properties": {
        "name": "Haulerwijk",
        "country": "The Netherlands",
        "region": "Friesland",
        "elevation_m": null,
        "population": 2935,
        "feature_type": "populated place",
        "geoname_id": 2754758
      }
    },
    {
      "type": "Feature",
      "geometry": {
        "type": "Point",
        "coordinates": [
          5.89583,
          51.09417
        ]
      },
      "properties": {
        "name": "Peij",
        "country": "The Netherlands",
        "region": "Limburg",
        "elevation_m": null,
        "population": 2935,
        "feature_type": "section of populated place",
        "geoname_id": 2748675
      }
    },
    {
      "type": "Feature",
      "geometry": {
        "type": "Point",
        "coordinates": [
          5.99051,
          50.8968
        ]
      },
      "properties": {
        "name": "Meezenbroek",
        "country": "The Netherlands",
        "region": "Limburg",
        "elevation_m": null,
        "population": 2910,
        "feature_type": "section of populated place",
        "geoname_id": 2751005
      }
    },
    {
      "type": "Feature",
      "geometry": {
        "type": "Point",
        "coordinates": [
          6.05,
          50.91833
        ]
      },
      "properties": {
        "name": "Waubach",
        "country": "The Netherlands",
        "region": "Limburg",
        "elevation_m": null,
        "population": 2910,
        "feature_type": "populated place",
        "geoname_id": 2744950
      }
    },
    {
      "type": "Feature",
      "geometry": {
        "type": "Point",
        "coordinates": [
          6.86806,
          53.25
        ]
      },
      "properties": {
        "name": "Siddeburen",
        "country": "The Netherlands",
        "region": "Groningen",
        "elevation_m": null,
        "population": 2910,
        "feature_type": "populated place",
        "geoname_id": 2747343
      }
    },
    {
      "type": "Feature",
      "geometry": {
        "type": "Point",
        "coordinates": [
          5.46667,
          52.195
        ]
      },
      "properties": {
        "name": "Nijkerkerveen",
        "country": "The Netherlands",
        "region": "Gelderland",
        "elevation_m": null,
        "population": 2905,
        "feature_type": "populated place",
        "geoname_id": 2750061
      }
    },
    {
      "type": "Feature",
      "geometry": {
        "type": "Point",
        "coordinates": [
          5.43889,
          51.80583
        ]
      },
      "properties": {
        "name": "Lith",
        "country": "The Netherlands",
        "region": "North Brabant",
        "elevation_m": null,
        "population": 2895,
        "feature_type": "populated place",
        "geoname_id": 2751543
      }
    },
    {
      "type": "Feature",
      "geometry": {
        "type": "Point",
        "coordinates": [
          6.13056,
          51.35833
        ]
      },
      "properties": {
        "name": "Hout-Blerick",
        "country": "The Netherlands",
        "region": "Limburg",
        "elevation_m": null,
        "population": 2890,
        "feature_type": "populated place",
        "geoname_id": 2753563
      }
    },
    {
      "type": "Feature",
      "geometry": {
        "type": "Point",
        "coordinates": [
          3.55417,
          51.48167
        ]
      },
      "properties": {
        "name": "Koudekerke",
        "country": "The Netherlands",
        "region": "Zeeland",
        "elevation_m": null,
        "population": 2880,
        "feature_type": "populated place",
        "geoname_id": 2752374
      }
    },
    {
      "type": "Feature",
      "geometry": {
        "type": "Point",
        "coordinates": [
          5.82846,
          51.84136
        ]
      },
      "properties": {
        "name": "Hees",
        "country": "The Netherlands",
        "region": "Gelderland",
        "elevation_m": null,
        "population": 2875,
        "feature_type": "section of populated place",
        "geoname_id": 2754643
      }
    },
    {
      "type": "Feature",
      "geometry": {
        "type": "Point",
        "coordinates": [
          5.14126,
          52.3418
        ]
      },
      "properties": {
        "name": "Almere Duin",
        "country": "The Netherlands",
        "region": "Flevoland",
        "elevation_m": 2,
        "population": 2875,
        "feature_type": "populated place",
        "geoname_id": 12746919
      }
    },
    {
      "type": "Feature",
      "geometry": {
        "type": "Point",
        "coordinates": [
          3.99722,
          51.51833
        ]
      },
      "properties": {
        "name": "Wemeldinge",
        "country": "The Netherlands",
        "region": "Zeeland",
        "elevation_m": null,
        "population": 2855,
        "feature_type": "populated place",
        "geoname_id": 2744839
      }
    },
    {
      "type": "Feature",
      "geometry": {
        "type": "Point",
        "coordinates": [
          5.89597,
          51.98943
        ]
      },
      "properties": {
        "name": "Burgemeesterswijk",
        "country": "The Netherlands",
        "region": "Gelderland",
        "elevation_m": null,
        "population": 2850,
        "feature_type": "section of populated place",
        "geoname_id": 7870374
      }
    },
    {
      "type": "Feature",
      "geometry": {
        "type": "Point",
        "coordinates": [
          5.54312,
          51.60983
        ]
      },
      "properties": {
        "name": "Leest",
        "country": "The Netherlands",
        "region": "North Brabant",
        "elevation_m": null,
        "population": 2840,
        "feature_type": "populated place",
        "geoname_id": 2751795
      }
    },
    {
      "type": "Feature",
      "geometry": {
        "type": "Point",
        "coordinates": [
          6.03643,
          50.86505
        ]
      },
      "properties": {
        "name": "Kaalheide",
        "country": "The Netherlands",
        "region": "Limburg",
        "elevation_m": null,
        "population": 2840,
        "feature_type": "populated place",
        "geoname_id": 2753167
      }
    },
    {
      "type": "Feature",
      "geometry": {
        "type": "Point",
        "coordinates": [
          5.94861,
          51.12583
        ]
      },
      "properties": {
        "name": "Montfort",
        "country": "The Netherlands",
        "region": "Limburg",
        "elevation_m": null,
        "population": 2815,
        "feature_type": "populated place",
        "geoname_id": 2750624
      }
    },
    {
      "type": "Feature",
      "geometry": {
        "type": "Point",
        "coordinates": [
          5.175,
          51.47583
        ]
      },
      "properties": {
        "name": "Diessen",
        "country": "The Netherlands",
        "region": "North Brabant",
        "elevation_m": null,
        "population": 2815,
        "feature_type": "populated place",
        "geoname_id": 2756859
      }
    },
    {
      "type": "Feature",
      "geometry": {
        "type": "Point",
        "coordinates": [
          4.89861,
          52.74
        ]
      },
      "properties": {
        "name": "Nieuwe-Niedorp",
        "country": "The Netherlands",
        "region": "North Holland",
        "elevation_m": null,
        "population": 2810,
        "feature_type": "populated place",
        "geoname_id": 2750278
      }
    },
    {
      "type": "Feature",
      "geometry": {
        "type": "Point",
        "coordinates": [
          5.78889,
          52.29167
        ]
      },
      "properties": {
        "name": "Elspeet",
        "country": "The Netherlands",
        "region": "Gelderland",
        "elevation_m": null,
        "population": 2810,
        "feature_type": "populated place",
        "geoname_id": 2756165
      }
    },
    {
      "type": "Feature",
      "geometry": {
        "type": "Point",
        "coordinates": [
          6,
          51.14333
        ]
      },
      "properties": {
        "name": "Sint Odiliënberg",
        "country": "The Netherlands",
        "region": "Limburg",
        "elevation_m": null,
        "population": 2810,
        "feature_type": "populated place",
        "geoname_id": 2747229
      }
    },
    {
      "type": "Feature",
      "geometry": {
        "type": "Point",
        "coordinates": [
          5.9957,
          52.19793
        ]
      },
      "properties": {
        "name": "Matengaarde",
        "country": "The Netherlands",
        "region": "Gelderland",
        "elevation_m": 10,
        "population": 2810,
        "feature_type": "section of populated place",
        "geoname_id": 6621512
      }
    },
    {
      "type": "Feature",
      "geometry": {
        "type": "Point",
        "coordinates": [
          6.07544,
          53.26224
        ]
      },
      "properties": {
        "name": "Kollumersweach",
        "country": "The Netherlands",
        "region": "Friesland",
        "elevation_m": null,
        "population": 2805,
        "feature_type": "populated place",
        "geoname_id": 2752520
      }
    },
    {
      "type": "Feature",
      "geometry": {
        "type": "Point",
        "coordinates": [
          4.86111,
          51.50583
        ]
      },
      "properties": {
        "name": "Chaam",
        "country": "The Netherlands",
        "region": "North Brabant",
        "elevation_m": null,
        "population": 2805,
        "feature_type": "populated place",
        "geoname_id": 2757969
      }
    },
    {
      "type": "Feature",
      "geometry": {
        "type": "Point",
        "coordinates": [
          4.65608,
          52.5044
        ]
      },
      "properties": {
        "name": "Waterakkers",
        "country": "The Netherlands",
        "region": "North Holland",
        "elevation_m": null,
        "population": 2805,
        "feature_type": "section of populated place",
        "geoname_id": 2744982
      }
    },
    {
      "type": "Feature",
      "geometry": {
        "type": "Point",
        "coordinates": [
          4.78333,
          51.8725
        ]
      },
      "properties": {
        "name": "Bleskensgraaf",
        "country": "The Netherlands",
        "region": "South Holland",
        "elevation_m": null,
        "population": 2800,
        "feature_type": "populated place",
        "geoname_id": 2758825
      }
    },
    {
      "type": "Feature",
      "geometry": {
        "type": "Point",
        "coordinates": [
          5.8037,
          53.17734
        ]
      },
      "properties": {
        "name": "Goutum",
        "country": "The Netherlands",
        "region": "Friesland",
        "elevation_m": null,
        "population": 2790,
        "feature_type": "populated place",
        "geoname_id": 2755399
      }
    },
    {
      "type": "Feature",
      "geometry": {
        "type": "Point",
        "coordinates": [
          5.17456,
          52.08526
        ]
      },
      "properties": {
        "name": "Uithof",
        "country": "The Netherlands",
        "region": "Utrecht",
        "elevation_m": null,
        "population": 2790,
        "feature_type": "section of populated place",
        "geoname_id": 2757015
      }
    },
    {
      "type": "Feature",
      "geometry": {
        "type": "Point",
        "coordinates": [
          5.47196,
          51.40052
        ]
      },
      "properties": {
        "name": "Voldijn",
        "country": "The Netherlands",
        "region": "North Brabant",
        "elevation_m": null,
        "population": 2785,
        "feature_type": "populated place",
        "geoname_id": 2745343
      }
    },
    {
      "type": "Feature",
      "geometry": {
        "type": "Point",
        "coordinates": [
          6.72361,
          53.41417
        ]
      },
      "properties": {
        "name": "Uithuizermeeden",
        "country": "The Netherlands",
        "region": "Groningen",
        "elevation_m": null,
        "population": 2775,
        "feature_type": "populated place",
        "geoname_id": 2745968
      }
    },
    {
      "type": "Feature",
      "geometry": {
        "type": "Point",
        "coordinates": [
          5.49681,
          51.4861
        ]
      },
      "properties": {
        "name": "Heesterakker",
        "country": "The Netherlands",
        "region": "North Brabant",
        "elevation_m": null,
        "population": 2765,
        "feature_type": "section of populated place",
        "geoname_id": 2754631
      }
    },
    {
      "type": "Feature",
      "geometry": {
        "type": "Point",
        "coordinates": [
          5.30833,
          51.99667
        ]
      },
      "properties": {
        "name": "Cothen",
        "country": "The Netherlands",
        "region": "Utrecht",
        "elevation_m": null,
        "population": 2765,
        "feature_type": "populated place",
        "geoname_id": 2757899
      }
    },
    {
      "type": "Feature",
      "geometry": {
        "type": "Point",
        "coordinates": [
          4.1625,
          51.90167
        ]
      },
      "properties": {
        "name": "Brielle",
        "country": "The Netherlands",
        "region": "South Holland",
        "elevation_m": null,
        "population": 2765,
        "feature_type": "populated place",
        "geoname_id": 2758326
      }
    },
    {
      "type": "Feature",
      "geometry": {
        "type": "Point",
        "coordinates": [
          5.29167,
          51.95
        ]
      },
      "properties": {
        "name": "Beusichem",
        "country": "The Netherlands",
        "region": "Gelderland",
        "elevation_m": null,
        "population": 2750,
        "feature_type": "populated place",
        "geoname_id": 2759006
      }
    },
    {
      "type": "Feature",
      "geometry": {
        "type": "Point",
        "coordinates": [
          6.06667,
          51.99333
        ]
      },
      "properties": {
        "name": "Giesbeek",
        "country": "The Netherlands",
        "region": "Gelderland",
        "elevation_m": null,
        "population": 2745,
        "feature_type": "populated place",
        "geoname_id": 2755536
      }
    },
    {
      "type": "Feature",
      "geometry": {
        "type": "Point",
        "coordinates": [
          4.36806,
          51.75083
        ]
      },
      "properties": {
        "name": "Zuid-Beijerland",
        "country": "The Netherlands",
        "region": "South Holland",
        "elevation_m": null,
        "population": 2740,
        "feature_type": "populated place",
        "geoname_id": 2743807
      }
    },
    {
      "type": "Feature",
      "geometry": {
        "type": "Point",
        "coordinates": [
          5.77666,
          50.9721
        ]
      },
      "properties": {
        "name": "Kerensheide",
        "country": "The Netherlands",
        "region": "Limburg",
        "elevation_m": null,
        "population": 2740,
        "feature_type": "section of populated place",
        "geoname_id": 2752954
      }
    },
    {
      "type": "Feature",
      "geometry": {
        "type": "Point",
        "coordinates": [
          5.73333,
          51.3575
        ]
      },
      "properties": {
        "name": "Someren-Eind",
        "country": "The Netherlands",
        "region": "North Brabant",
        "elevation_m": null,
        "population": 2725,
        "feature_type": "populated place",
        "geoname_id": 2747019
      }
    },
    {
      "type": "Feature",
      "geometry": {
        "type": "Point",
        "coordinates": [
          5.88194,
          51.7525
        ]
      },
      "properties": {
        "name": "Mook",
        "country": "The Netherlands",
        "region": "Limburg",
        "elevation_m": null,
        "population": 2715,
        "feature_type": "populated place",
        "geoname_id": 2750621
      }
    },
    {
      "type": "Feature",
      "geometry": {
        "type": "Point",
        "coordinates": [
          5.25,
          51.46667
        ]
      },
      "properties": {
        "name": "Middelbeers",
        "country": "The Netherlands",
        "region": "North Brabant",
        "elevation_m": null,
        "population": 2715,
        "feature_type": "populated place",
        "geoname_id": 2750903
      }
    },
    {
      "type": "Feature",
      "geometry": {
        "type": "Point",
        "coordinates": [
          4.95972,
          51.77083
        ]
      },
      "properties": {
        "name": "Almkerk",
        "country": "The Netherlands",
        "region": "North Brabant",
        "elevation_m": null,
        "population": 2715,
        "feature_type": "populated place",
        "geoname_id": 2759878
      }
    },
    {
      "type": "Feature",
      "geometry": {
        "type": "Point",
        "coordinates": [
          4.63333,
          52.20333
        ]
      },
      "properties": {
        "name": "Roelofarendsveen",
        "country": "The Netherlands",
        "region": "South Holland",
        "elevation_m": null,
        "population": 2710,
        "feature_type": "populated place",
        "geoname_id": 2748006
      }
    },
    {
      "type": "Feature",
      "geometry": {
        "type": "Point",
        "coordinates": [
          4.82165,
          51.82362
        ]
      },
      "properties": {
        "name": "De Peulen",
        "country": "The Netherlands",
        "region": "South Holland",
        "elevation_m": null,
        "population": 2700,
        "feature_type": "section of populated place",
        "geoname_id": 2757152
      }
    },
    {
      "type": "Feature",
      "geometry": {
        "type": "Point",
        "coordinates": [
          5.46535,
          52.21639
        ]
      },
      "properties": {
        "name": "Corlaer",
        "country": "The Netherlands",
        "region": "Gelderland",
        "elevation_m": null,
        "population": 2700,
        "feature_type": "section of populated place",
        "geoname_id": 7115205
      }
    },
    {
      "type": "Feature",
      "geometry": {
        "type": "Point",
        "coordinates": [
          5.66124,
          53.21797
        ]
      },
      "properties": {
        "name": "Menaam",
        "country": "The Netherlands",
        "region": "Friesland",
        "elevation_m": null,
        "population": 2682,
        "feature_type": "populated place",
        "geoname_id": 2750965
      }
    },
    {
      "type": "Feature",
      "geometry": {
        "type": "Point",
        "coordinates": [
          5.21852,
          52.08689
        ]
      },
      "properties": {
        "name": "Nijenheim",
        "country": "The Netherlands",
        "region": "Utrecht",
        "elevation_m": null,
        "population": 2680,
        "feature_type": "section of populated place",
        "geoname_id": 2750086
      }
    },
    {
      "type": "Feature",
      "geometry": {
        "type": "Point",
        "coordinates": [
          3.97361,
          51.22833
        ]
      },
      "properties": {
        "name": "Koewacht",
        "country": "The Netherlands",
        "region": "Zeeland",
        "elevation_m": null,
        "population": 2656,
        "feature_type": "populated place",
        "geoname_id": 2752547
      }
    },
    {
      "type": "Feature",
      "geometry": {
        "type": "Point",
        "coordinates": [
          4.99583,
          52.43417
        ]
      },
      "properties": {
        "name": "Broek in Waterland",
        "country": "The Netherlands",
        "region": "North Holland",
        "elevation_m": null,
        "population": 2655,
        "feature_type": "populated place",
        "geoname_id": 2758258
      }
    },
    {
      "type": "Feature",
      "geometry": {
        "type": "Point",
        "coordinates": [
          5.49722,
          52.13583
        ]
      },
      "properties": {
        "name": "Achterveld",
        "country": "The Netherlands",
        "region": "Utrecht",
        "elevation_m": null,
        "population": 2652,
        "feature_type": "populated place",
        "geoname_id": 2759995
      }
    },
    {
      "type": "Feature",
      "geometry": {
        "type": "Point",
        "coordinates": [
          4.65374,
          52.04922
        ]
      },
      "properties": {
        "name": "Oranjewijk",
        "country": "The Netherlands",
        "region": "South Holland",
        "elevation_m": null,
        "population": 2650,
        "feature_type": "section of populated place",
        "geoname_id": 6948945
      }
    },
    {
      "type": "Feature",
      "geometry": {
        "type": "Point",
        "coordinates": [
          5.65991,
          50.84698
        ]
      },
      "properties": {
        "name": "Belfort",
        "country": "The Netherlands",
        "region": "Limburg",
        "elevation_m": null,
        "population": 2645,
        "feature_type": "section of populated place",
        "geoname_id": 2759254
      }
    },
    {
      "type": "Feature",
      "geometry": {
        "type": "Point",
        "coordinates": [
          4.67778,
          51.98417
        ]
      },
      "properties": {
        "name": "Gouderak",
        "country": "The Netherlands",
        "region": "South Holland",
        "elevation_m": null,
        "population": 2635,
        "feature_type": "populated place",
        "geoname_id": 2755410
      }
    },
    {
      "type": "Feature",
      "geometry": {
        "type": "Point",
        "coordinates": [
          6.51957,
          53.24252
        ]
      },
      "properties": {
        "name": "Reitdiep",
        "country": "The Netherlands",
        "region": "Groningen",
        "elevation_m": null,
        "population": 2625,
        "feature_type": "section of populated place",
        "geoname_id": 6930031
      }
    },
    {
      "type": "Feature",
      "geometry": {
        "type": "Point",
        "coordinates": [
          4.45249,
          52.13621
        ]
      },
      "properties": {
        "name": "Adegeest",
        "country": "The Netherlands",
        "region": "South Holland",
        "elevation_m": null,
        "population": 2610,
        "feature_type": "section of populated place",
        "geoname_id": 2759971
      }
    },
    {
      "type": "Feature",
      "geometry": {
        "type": "Point",
        "coordinates": [
          6.35417,
          52.7625
        ]
      },
      "properties": {
        "name": "Ruinen",
        "country": "The Netherlands",
        "region": "Drenthe",
        "elevation_m": null,
        "population": 2610,
        "feature_type": "populated place",
        "geoname_id": 2747835
      }
    },
    {
      "type": "Feature",
      "geometry": {
        "type": "Point",
        "coordinates": [
          5.44834,
          52.91551
        ]
      },
      "properties": {
        "name": "Koudum",
        "country": "The Netherlands",
        "region": "Friesland",
        "elevation_m": null,
        "population": 2600,
        "feature_type": "populated place",
        "geoname_id": 2752367
      }
    },
    {
      "type": "Feature",
      "geometry": {
        "type": "Point",
        "coordinates": [
          4.65843,
          52.50902
        ]
      },
      "properties": {
        "name": "Commandeurs",
        "country": "The Netherlands",
        "region": "North Holland",
        "elevation_m": null,
        "population": 2595,
        "feature_type": "populated place",
        "geoname_id": 2757922
      }
    },
    {
      "type": "Feature",
      "geometry": {
        "type": "Point",
        "coordinates": [
          5.78194,
          50.90583
        ]
      },
      "properties": {
        "name": "Ulestraten",
        "country": "The Netherlands",
        "region": "Limburg",
        "elevation_m": null,
        "population": 2595,
        "feature_type": "populated place",
        "geoname_id": 2745955
      }
    },
    {
      "type": "Feature",
      "geometry": {
        "type": "Point",
        "coordinates": [
          6.89058,
          52.23645
        ]
      },
      "properties": {
        "name": "Mekkelholt",
        "country": "The Netherlands",
        "region": "Overijssel",
        "elevation_m": null,
        "population": 2585,
        "feature_type": "section of populated place",
        "geoname_id": 2750982
      }
    },
    {
      "type": "Feature",
      "geometry": {
        "type": "Point",
        "coordinates": [
          4.65717,
          52.55945
        ]
      },
      "properties": {
        "name": "Bakkum",
        "country": "The Netherlands",
        "region": "North Holland",
        "elevation_m": null,
        "population": 2585,
        "feature_type": "populated place",
        "geoname_id": 2759483
      }
    },
    {
      "type": "Feature",
      "geometry": {
        "type": "Point",
        "coordinates": [
          5.28015,
          51.87968
        ]
      },
      "properties": {
        "name": "Geldermalsen-West",
        "country": "The Netherlands",
        "region": "Gelderland",
        "elevation_m": null,
        "population": 2580,
        "feature_type": "section of populated place",
        "geoname_id": 2755630
      }
    },
    {
      "type": "Feature",
      "geometry": {
        "type": "Point",
        "coordinates": [
          5.35278,
          51.64167
        ]
      },
      "properties": {
        "name": "Sint-Michielsgestel",
        "country": "The Netherlands",
        "region": "North Brabant",
        "elevation_m": null,
        "population": 2580,
        "feature_type": "populated place",
        "geoname_id": 2747234
      }
    },
    {
      "type": "Feature",
      "geometry": {
        "type": "Point",
        "coordinates": [
          5.8375,
          51.01167
        ]
      },
      "properties": {
        "name": "Limbricht",
        "country": "The Netherlands",
        "region": "Limburg",
        "elevation_m": null,
        "population": 2575,
        "feature_type": "populated place",
        "geoname_id": 2751599
      }
    },
    {
      "type": "Feature",
      "geometry": {
        "type": "Point",
        "coordinates": [
          4.65556,
          52.59583
        ]
      },
      "properties": {
        "name": "Egmond-Binnen",
        "country": "The Netherlands",
        "region": "North Holland",
        "elevation_m": null,
        "population": 2575,
        "feature_type": "populated place",
        "geoname_id": 2756299
      }
    },
    {
      "type": "Feature",
      "geometry": {
        "type": "Point",
        "coordinates": [
          5.26584,
          52.07844
        ]
      },
      "properties": {
        "name": "Kerckebosch",
        "country": "The Netherlands",
        "region": "Utrecht",
        "elevation_m": null,
        "population": 2555,
        "feature_type": "section of populated place",
        "geoname_id": 2752956
      }
    },
    {
      "type": "Feature",
      "geometry": {
        "type": "Point",
        "coordinates": [
          5.09028,
          51.8175
        ]
      },
      "properties": {
        "name": "Brakel",
        "country": "The Netherlands",
        "region": "Gelderland",
        "elevation_m": null,
        "population": 2555,
        "feature_type": "populated place",
        "geoname_id": 2758426
      }
    },
    {
      "type": "Feature",
      "geometry": {
        "type": "Point",
        "coordinates": [
          5.96389,
          52.16
        ]
      },
      "properties": {
        "name": "Beekbergen",
        "country": "The Netherlands",
        "region": "Gelderland",
        "elevation_m": null,
        "population": 2545,
        "feature_type": "populated place",
        "geoname_id": 2759342
      }
    },
    {
      "type": "Feature",
      "geometry": {
        "type": "Point",
        "coordinates": [
          5.71389,
          52.1125
        ]
      },
      "properties": {
        "name": "Wekerom",
        "country": "The Netherlands",
        "region": "Gelderland",
        "elevation_m": null,
        "population": 2540,
        "feature_type": "populated place",
        "geoname_id": 2744871
      }
    },
    {
      "type": "Feature",
      "geometry": {
        "type": "Point",
        "coordinates": [
          5.05833,
          51.78333
        ]
      },
      "properties": {
        "name": "Andel",
        "country": "The Netherlands",
        "region": "North Brabant",
        "elevation_m": null,
        "population": 2535,
        "feature_type": "populated place",
        "geoname_id": 2750453
      }
    },
    {
      "type": "Feature",
      "geometry": {
        "type": "Point",
        "coordinates": [
          5.65101,
          53.2437
        ]
      },
      "properties": {
        "name": "Berltsum",
        "country": "The Netherlands",
        "region": "Friesland",
        "elevation_m": null,
        "population": 2530,
        "feature_type": "populated place",
        "geoname_id": 2759057
      }
    },
    {
      "type": "Feature",
      "geometry": {
        "type": "Point",
        "coordinates": [
          4.9625,
          51.73083
        ]
      },
      "properties": {
        "name": "Dussen",
        "country": "The Netherlands",
        "region": "North Brabant",
        "elevation_m": null,
        "population": 2528,
        "feature_type": "populated place",
        "geoname_id": 2756483
      }
    },
    {
      "type": "Feature",
      "geometry": {
        "type": "Point",
        "coordinates": [
          5.21482,
          53.35911
        ]
      },
      "properties": {
        "name": "West-Terschelling",
        "country": "The Netherlands",
        "region": "Friesland",
        "elevation_m": null,
        "population": 2525,
        "feature_type": "populated place",
        "geoname_id": 2744608
      }
    },
    {
      "type": "Feature",
      "geometry": {
        "type": "Point",
        "coordinates": [
          5.87656,
          51.00187
        ]
      },
      "properties": {
        "name": "Stadbroek",
        "country": "The Netherlands",
        "region": "Limburg",
        "elevation_m": null,
        "population": 2525,
        "feature_type": "section of populated place",
        "geoname_id": 2746870
      }
    },
    {
      "type": "Feature",
      "geometry": {
        "type": "Point",
        "coordinates": [
          6.30833,
          53.2625
        ]
      },
      "properties": {
        "name": "Grijpskerk",
        "country": "The Netherlands",
        "region": "Groningen",
        "elevation_m": null,
        "population": 2520,
        "feature_type": "populated place",
        "geoname_id": 2755317
      }
    },
    {
      "type": "Feature",
      "geometry": {
        "type": "Point",
        "coordinates": [
          5.3875,
          51.35417
        ]
      },
      "properties": {
        "name": "Riethoven",
        "country": "The Netherlands",
        "region": "North Brabant",
        "elevation_m": null,
        "population": 2515,
        "feature_type": "populated place",
        "geoname_id": 2748150
      }
    },
    {
      "type": "Feature",
      "geometry": {
        "type": "Point",
        "coordinates": [
          3.44028,
          51.52917
        ]
      },
      "properties": {
        "name": "Westkapelle",
        "country": "The Netherlands",
        "region": "Zeeland",
        "elevation_m": null,
        "population": 2515,
        "feature_type": "populated place",
        "geoname_id": 2744642
      }
    },
    {
      "type": "Feature",
      "geometry": {
        "type": "Point",
        "coordinates": [
          4.32494,
          52.10485
        ]
      },
      "properties": {
        "name": "Duinzigt",
        "country": "The Netherlands",
        "region": "South Holland",
        "elevation_m": null,
        "population": 2510,
        "feature_type": "section of populated place",
        "geoname_id": 2756515
      }
    },
    {
      "type": "Feature",
      "geometry": {
        "type": "Point",
        "coordinates": [
          5.95365,
          52.20061
        ]
      },
      "properties": {
        "name": "De Heeze",
        "country": "The Netherlands",
        "region": "Gelderland",
        "elevation_m": 17,
        "population": 2510,
        "feature_type": "section of populated place",
        "geoname_id": 6621532
      }
    },
    {
      "type": "Feature",
      "geometry": {
        "type": "Point",
        "coordinates": [
          5.78472,
          51.2975
        ]
      },
      "properties": {
        "name": "Ospel",
        "country": "The Netherlands",
        "region": "Limburg",
        "elevation_m": null,
        "population": 2505,
        "feature_type": "populated place",
        "geoname_id": 2749235
      }
    },
    {
      "type": "Feature",
      "geometry": {
        "type": "Point",
        "coordinates": [
          4.62705,
          52.6204
        ]
      },
      "properties": {
        "name": "Egmond aan Zee",
        "country": "The Netherlands",
        "region": "North Holland",
        "elevation_m": null,
        "population": 2505,
        "feature_type": "populated place",
        "geoname_id": 2756301
      }
    },
    {
      "type": "Feature",
      "geometry": {
        "type": "Point",
        "coordinates": [
          5.94189,
          51.76019
        ]
      },
      "properties": {
        "name": "Bredeweg",
        "country": "The Netherlands",
        "region": "Gelderland",
        "elevation_m": null,
        "population": 2500,
        "feature_type": "populated place",
        "geoname_id": 2758391
      }
    },
    {
      "type": "Feature",
      "geometry": {
        "type": "Point",
        "coordinates": [
          6.08889,
          51.55
        ]
      },
      "properties": {
        "name": "Well",
        "country": "The Netherlands",
        "region": "Limburg",
        "elevation_m": null,
        "population": 2500,
        "feature_type": "populated place",
        "geoname_id": 2744865
      }
    },
    {
      "type": "Feature",
      "geometry": {
        "type": "Point",
        "coordinates": [
          6.29028,
          52.67333
        ]
      },
      "properties": {
        "name": "de Wijk",
        "country": "The Netherlands",
        "region": "Drenthe",
        "elevation_m": null,
        "population": 2495,
        "feature_type": "populated place",
        "geoname_id": 2756936
      }
    },
    {
      "type": "Feature",
      "geometry": {
        "type": "Point",
        "coordinates": [
          4.15231,
          51.89921
        ]
      },
      "properties": {
        "name": "Rugge",
        "country": "The Netherlands",
        "region": "South Holland",
        "elevation_m": null,
        "population": 2495,
        "feature_type": "section of populated place",
        "geoname_id": 2747852
      }
    },
    {
      "type": "Feature",
      "geometry": {
        "type": "Point",
        "coordinates": [
          6.69861,
          53.21333
        ]
      },
      "properties": {
        "name": "Harkstede",
        "country": "The Netherlands",
        "region": "Groningen",
        "elevation_m": null,
        "population": 2490,
        "feature_type": "populated place",
        "geoname_id": 2754819
      }
    },
    {
      "type": "Feature",
      "geometry": {
        "type": "Point",
        "coordinates": [
          4.75556,
          52.83667
        ]
      },
      "properties": {
        "name": "'t Zand",
        "country": "The Netherlands",
        "region": "North Holland",
        "elevation_m": null,
        "population": 2485,
        "feature_type": "populated place",
        "geoname_id": 2746031
      }
    },
    {
      "type": "Feature",
      "geometry": {
        "type": "Point",
        "coordinates": [
          6.24861,
          52.72333
        ]
      },
      "properties": {
        "name": "Ruinerwold",
        "country": "The Netherlands",
        "region": "Drenthe",
        "elevation_m": null,
        "population": 2485,
        "feature_type": "populated place",
        "geoname_id": 2747828
      }
    },
    {
      "type": "Feature",
      "geometry": {
        "type": "Point",
        "coordinates": [
          5.81528,
          50.95
        ]
      },
      "properties": {
        "name": "Neerbeek",
        "country": "The Netherlands",
        "region": "Limburg",
        "elevation_m": null,
        "population": 2480,
        "feature_type": "populated place",
        "geoname_id": 2750452
      }
    },
    {
      "type": "Feature",
      "geometry": {
        "type": "Point",
        "coordinates": [
          5.32361,
          51.28917
        ]
      },
      "properties": {
        "name": "Luyksgestel",
        "country": "The Netherlands",
        "region": "North Brabant",
        "elevation_m": null,
        "population": 2465,
        "feature_type": "populated place",
        "geoname_id": 2751346
      }
    },
    {
      "type": "Feature",
      "geometry": {
        "type": "Point",
        "coordinates": [
          5.45784,
          51.42501
        ]
      },
      "properties": {
        "name": "Blaarthem",
        "country": "The Netherlands",
        "region": "North Brabant",
        "elevation_m": null,
        "population": 2465,
        "feature_type": "section of populated place",
        "geoname_id": 2758880
      }
    },
    {
      "type": "Feature",
      "geometry": {
        "type": "Point",
        "coordinates": [
          5.675,
          52.6775
        ]
      },
      "properties": {
        "name": "Tollebeek",
        "country": "The Netherlands",
        "region": "Flevoland",
        "elevation_m": null,
        "population": 2455,
        "feature_type": "populated place",
        "geoname_id": 2746226
      }
    },
    {
      "type": "Feature",
      "geometry": {
        "type": "Point",
        "coordinates": [
          5.77297,
          50.96216
        ]
      },
      "properties": {
        "name": "Nieuwdorp",
        "country": "The Netherlands",
        "region": "Limburg",
        "elevation_m": null,
        "population": 2445,
        "feature_type": "section of populated place",
        "geoname_id": 2750355
      }
    },
    {
      "type": "Feature",
      "geometry": {
        "type": "Point",
        "coordinates": [
          5.31667,
          51.71667
        ]
      },
      "properties": {
        "name": "De Rompert",
        "country": "The Netherlands",
        "region": "North Brabant",
        "elevation_m": null,
        "population": 2440,
        "feature_type": "section of populated place",
        "geoname_id": 2757089
      }
    },
    {
      "type": "Feature",
      "geometry": {
        "type": "Point",
        "coordinates": [
          5.975,
          52.82083
        ]
      },
      "properties": {
        "name": "Oldemarkt",
        "country": "The Netherlands",
        "region": "Overijssel",
        "elevation_m": null,
        "population": 2435,
        "feature_type": "populated place",
        "geoname_id": 2749653
      }
    },
    {
      "type": "Feature",
      "geometry": {
        "type": "Point",
        "coordinates": [
          5.10263,
          51.99381
        ]
      },
      "properties": {
        "name": "De Hagen",
        "country": "The Netherlands",
        "region": "Utrecht",
        "elevation_m": null,
        "population": 2435,
        "feature_type": "section of populated place",
        "geoname_id": 2757586
      }
    },
    {
      "type": "Feature",
      "geometry": {
        "type": "Point",
        "coordinates": [
          6.36944,
          52.83417
        ]
      },
      "properties": {
        "name": "Dwingeloo",
        "country": "The Netherlands",
        "region": "Drenthe",
        "elevation_m": null,
        "population": 2430,
        "feature_type": "populated place",
        "geoname_id": 2756451
      }
    },
    {
      "type": "Feature",
      "geometry": {
        "type": "Point",
        "coordinates": [
          5.80972,
          51.03167
        ]
      },
      "properties": {
        "name": "Born",
        "country": "The Netherlands",
        "region": "Limburg",
        "elevation_m": null,
        "population": 2430,
        "feature_type": "populated place",
        "geoname_id": 2758602
      }
    },
    {
      "type": "Feature",
      "geometry": {
        "type": "Point",
        "coordinates": [
          6.10278,
          51.855
        ]
      },
      "properties": {
        "name": "Tolkamer",
        "country": "The Netherlands",
        "region": "Gelderland",
        "elevation_m": null,
        "population": 2430,
        "feature_type": "populated place",
        "geoname_id": 2746228
      }
    },
    {
      "type": "Feature",
      "geometry": {
        "type": "Point",
        "coordinates": [
          4.69583,
          52.84
        ]
      },
      "properties": {
        "name": "Callantsoog",
        "country": "The Netherlands",
        "region": "North Holland",
        "elevation_m": null,
        "population": 2420,
        "feature_type": "populated place",
        "geoname_id": 2758027
      }
    },
    {
      "type": "Feature",
      "geometry": {
        "type": "Point",
        "coordinates": [
          5.65668,
          50.85135
        ]
      },
      "properties": {
        "name": "Pottenberg",
        "country": "The Netherlands",
        "region": "Limburg",
        "elevation_m": null,
        "population": 2415,
        "feature_type": "section of populated place",
        "geoname_id": 2748474
      }
    },
    {
      "type": "Feature",
      "geometry": {
        "type": "Point",
        "coordinates": [
          3.83611,
          51.27833
        ]
      },
      "properties": {
        "name": "Sluiskil",
        "country": "The Netherlands",
        "region": "Zeeland",
        "elevation_m": null,
        "population": 2411,
        "feature_type": "populated place",
        "geoname_id": 2747109
      }
    },
    {
      "type": "Feature",
      "geometry": {
        "type": "Point",
        "coordinates": [
          5.98194,
          50.83417
        ]
      },
      "properties": {
        "name": "Simpelveld",
        "country": "The Netherlands",
        "region": "Limburg",
        "elevation_m": null,
        "population": 2405,
        "feature_type": "populated place",
        "geoname_id": 2747312
      }
    },
    {
      "type": "Feature",
      "geometry": {
        "type": "Point",
        "coordinates": [
          4.19861,
          51.57083
        ]
      },
      "properties": {
        "name": "Oud-Vossemeer",
        "country": "The Netherlands",
        "region": "Zeeland",
        "elevation_m": null,
        "population": 2400,
        "feature_type": "populated place",
        "geoname_id": 2748891
      }
    },
    {
      "type": "Feature",
      "geometry": {
        "type": "Point",
        "coordinates": [
          4.56667,
          51.91667
        ]
      },
      "properties": {
        "name": "Capelle-West",
        "country": "The Netherlands",
        "region": "South Holland",
        "elevation_m": null,
        "population": 2400,
        "feature_type": "section of populated place",
        "geoname_id": 2758007
      }
    },
    {
      "type": "Feature",
      "geometry": {
        "type": "Point",
        "coordinates": [
          5.82083,
          51.41333
        ]
      },
      "properties": {
        "name": "Liessel",
        "country": "The Netherlands",
        "region": "North Brabant",
        "elevation_m": null,
        "population": 2395,
        "feature_type": "populated place",
        "geoname_id": 2751623
      }
    },
    {
      "type": "Feature",
      "geometry": {
        "type": "Point",
        "coordinates": [
          5.97373,
          50.92068
        ]
      },
      "properties": {
        "name": "Heksenberg",
        "country": "The Netherlands",
        "region": "Limburg",
        "elevation_m": null,
        "population": 2395,
        "feature_type": "populated place",
        "geoname_id": 2754486
      }
    },
    {
      "type": "Feature",
      "geometry": {
        "type": "Point",
        "coordinates": [
          6.97222,
          53.17333
        ]
      },
      "properties": {
        "name": "Scheemda",
        "country": "The Netherlands",
        "region": "Groningen",
        "elevation_m": null,
        "population": 2395,
        "feature_type": "populated place",
        "geoname_id": 2747661
      }
    },
    {
      "type": "Feature",
      "geometry": {
        "type": "Point",
        "coordinates": [
          6.07424,
          50.86415
        ]
      },
      "properties": {
        "name": "Holz",
        "country": "The Netherlands",
        "region": "Limburg",
        "elevation_m": null,
        "population": 2390,
        "feature_type": "section of populated place",
        "geoname_id": 2753841
      }
    },
    {
      "type": "Feature",
      "geometry": {
        "type": "Point",
        "coordinates": [
          6.00523,
          53.22135
        ]
      },
      "properties": {
        "name": "Noardburgum",
        "country": "The Netherlands",
        "region": "Friesland",
        "elevation_m": null,
        "population": 2385,
        "feature_type": "populated place",
        "geoname_id": 2749992
      }
    },
    {
      "type": "Feature",
      "geometry": {
        "type": "Point",
        "coordinates": [
          6.21667,
          52.25
        ]
      },
      "properties": {
        "name": "Het Oostrik",
        "country": "The Netherlands",
        "region": "Overijssel",
        "elevation_m": null,
        "population": 2380,
        "feature_type": "populated place",
        "geoname_id": 2754226
      }
    },
    {
      "type": "Feature",
      "geometry": {
        "type": "Point",
        "coordinates": [
          5.77222,
          52.1
        ]
      },
      "properties": {
        "name": "Otterlo",
        "country": "The Netherlands",
        "region": "Gelderland",
        "elevation_m": null,
        "population": 2380,
        "feature_type": "populated place",
        "geoname_id": 2749203
      }
    },
    {
      "type": "Feature",
      "geometry": {
        "type": "Point",
        "coordinates": [
          5.73056,
          50.81083
        ]
      },
      "properties": {
        "name": "Gronsveld",
        "country": "The Netherlands",
        "region": "Limburg",
        "elevation_m": null,
        "population": 2380,
        "feature_type": "populated place",
        "geoname_id": 2755243
      }
    },
    {
      "type": "Feature",
      "geometry": {
        "type": "Point",
        "coordinates": [
          5.94704,
          52.18546
        ]
      },
      "properties": {
        "name": "De Bouwhof",
        "country": "The Netherlands",
        "region": "Gelderland",
        "elevation_m": 21,
        "population": 2380,
        "feature_type": "section of populated place",
        "geoname_id": 6621535
      }
    },
    {
      "type": "Feature",
      "geometry": {
        "type": "Point",
        "coordinates": [
          6.01667,
          51.52917
        ]
      },
      "properties": {
        "name": "Oostrum",
        "country": "The Netherlands",
        "region": "Limburg",
        "elevation_m": null,
        "population": 2375,
        "feature_type": "populated place",
        "geoname_id": 2749344
      }
    },
    {
      "type": "Feature",
      "geometry": {
        "type": "Point",
        "coordinates": [
          5.70719,
          50.86718
        ]
      },
      "properties": {
        "name": "Limmel",
        "country": "The Netherlands",
        "region": "Limburg",
        "elevation_m": null,
        "population": 2370,
        "feature_type": "section of populated place",
        "geoname_id": 2751593
      }
    },
    {
      "type": "Feature",
      "geometry": {
        "type": "Point",
        "coordinates": [
          5.21111,
          51.81583
        ]
      },
      "properties": {
        "name": "Haaften",
        "country": "The Netherlands",
        "region": "Gelderland",
        "elevation_m": null,
        "population": 2370,
        "feature_type": "populated place",
        "geoname_id": 2755039
      }
    },
    {
      "type": "Feature",
      "geometry": {
        "type": "Point",
        "coordinates": [
          6.74722,
          53.33167
        ]
      },
      "properties": {
        "name": "Loppersum",
        "country": "The Netherlands",
        "region": "Groningen",
        "elevation_m": null,
        "population": 2365,
        "feature_type": "populated place",
        "geoname_id": 2751429
      }
    },
    {
      "type": "Feature",
      "geometry": {
        "type": "Point",
        "coordinates": [
          6.14367,
          52.24901
        ]
      },
      "properties": {
        "name": "De Hoven",
        "country": "The Netherlands",
        "region": "Overijssel",
        "elevation_m": null,
        "population": 2365,
        "feature_type": "section of populated place",
        "geoname_id": 2757488
      }
    },
    {
      "type": "Feature",
      "geometry": {
        "type": "Point",
        "coordinates": [
          6.93333,
          52.90917
        ]
      },
      "properties": {
        "name": "Tweede Exloërmond",
        "country": "The Netherlands",
        "region": "Drenthe",
        "elevation_m": null,
        "population": 2365,
        "feature_type": "populated place",
        "geoname_id": 2746075
      }
    },
    {
      "type": "Feature",
      "geometry": {
        "type": "Point",
        "coordinates": [
          5.64167,
          51.77167
        ]
      },
      "properties": {
        "name": "Herpen",
        "country": "The Netherlands",
        "region": "North Brabant",
        "elevation_m": null,
        "population": 2360,
        "feature_type": "populated place",
        "geoname_id": 2754339
      }
    },
    {
      "type": "Feature",
      "geometry": {
        "type": "Point",
        "coordinates": [
          5.41618,
          51.41705
        ]
      },
      "properties": {
        "name": "Meerveldhoven",
        "country": "The Netherlands",
        "region": "North Brabant",
        "elevation_m": null,
        "population": 2360,
        "feature_type": "section of populated place",
        "geoname_id": 2751030
      }
    },
    {
      "type": "Feature",
      "geometry": {
        "type": "Point",
        "coordinates": [
          5.78379,
          53.30657
        ]
      },
      "properties": {
        "name": "Hallum",
        "country": "The Netherlands",
        "region": "Friesland",
        "elevation_m": null,
        "population": 2355,
        "feature_type": "populated place",
        "geoname_id": 2754930
      }
    },
    {
      "type": "Feature",
      "geometry": {
        "type": "Point",
        "coordinates": [
          5.775,
          51.03833
        ]
      },
      "properties": {
        "name": "Grevenbicht",
        "country": "The Netherlands",
        "region": "Limburg",
        "elevation_m": null,
        "population": 2355,
        "feature_type": "populated place",
        "geoname_id": 2755337
      }
    },
    {
      "type": "Feature",
      "geometry": {
        "type": "Point",
        "coordinates": [
          4.75417,
          52.3825
        ]
      },
      "properties": {
        "name": "Halfweg",
        "country": "The Netherlands",
        "region": "North Holland",
        "elevation_m": null,
        "population": 2350,
        "feature_type": "populated place",
        "geoname_id": 2754943
      }
    },
    {
      "type": "Feature",
      "geometry": {
        "type": "Point",
        "coordinates": [
          4.83611,
          52.115
        ]
      },
      "properties": {
        "name": "Zegveld",
        "country": "The Netherlands",
        "region": "Utrecht",
        "elevation_m": null,
        "population": 2348,
        "feature_type": "populated place",
        "geoname_id": 2743990
      }
    },
    {
      "type": "Feature",
      "geometry": {
        "type": "Point",
        "coordinates": [
          5.82639,
          51.88
        ]
      },
      "properties": {
        "name": "Oosterhout",
        "country": "The Netherlands",
        "region": "Gelderland",
        "elevation_m": null,
        "population": 2340,
        "feature_type": "populated place",
        "geoname_id": 2749449
      }
    },
    {
      "type": "Feature",
      "geometry": {
        "type": "Point",
        "coordinates": [
          5.81806,
          51.6575
        ]
      },
      "properties": {
        "name": "Wanroij",
        "country": "The Netherlands",
        "region": "North Brabant",
        "elevation_m": null,
        "population": 2340,
        "feature_type": "populated place",
        "geoname_id": 2745046
      }
    },
    {
      "type": "Feature",
      "geometry": {
        "type": "Point",
        "coordinates": [
          4.93372,
          52.21507
        ]
      },
      "properties": {
        "name": "Vinkeveen",
        "country": "The Netherlands",
        "region": "Utrecht",
        "elevation_m": null,
        "population": 2340,
        "feature_type": "populated place",
        "geoname_id": 2745493
      }
    },
    {
      "type": "Feature",
      "geometry": {
        "type": "Point",
        "coordinates": [
          4.92778,
          52.52417
        ]
      },
      "properties": {
        "name": "Halfweg",
        "country": "The Netherlands",
        "region": "North Holland",
        "elevation_m": null,
        "population": 2330,
        "feature_type": "populated place",
        "geoname_id": 2754942
      }
    },
    {
      "type": "Feature",
      "geometry": {
        "type": "Point",
        "coordinates": [
          4.94076,
          51.65594
        ]
      },
      "properties": {
        "name": "'s Gravenmoer",
        "country": "The Netherlands",
        "region": "North Brabant",
        "elevation_m": null,
        "population": 2315,
        "feature_type": "populated place",
        "geoname_id": 2747371
      }
    },
    {
      "type": "Feature",
      "geometry": {
        "type": "Point",
        "coordinates": [
          5.82361,
          50.90667
        ]
      },
      "properties": {
        "name": "Schimmert",
        "country": "The Netherlands",
        "region": "Limburg",
        "elevation_m": null,
        "population": 2310,
        "feature_type": "populated place",
        "geoname_id": 2747561
      }
    },
    {
      "type": "Feature",
      "geometry": {
        "type": "Point",
        "coordinates": [
          6.25972,
          51.90333
        ]
      },
      "properties": {
        "name": "Zeddam",
        "country": "The Netherlands",
        "region": "Gelderland",
        "elevation_m": null,
        "population": 2305,
        "feature_type": "populated place",
        "geoname_id": 2744031
      }
    },
    {
      "type": "Feature",
      "geometry": {
        "type": "Point",
        "coordinates": [
          5.12917,
          51.82667
        ]
      },
      "properties": {
        "name": "Herwijnen",
        "country": "The Netherlands",
        "region": "Gelderland",
        "elevation_m": null,
        "population": 2305,
        "feature_type": "populated place",
        "geoname_id": 2754318
      }
    },
    {
      "type": "Feature",
      "geometry": {
        "type": "Point",
        "coordinates": [
          6.22307,
          52.12838
        ]
      },
      "properties": {
        "name": "Ooyerhoek",
        "country": "The Netherlands",
        "region": "Gelderland",
        "elevation_m": null,
        "population": 2305,
        "feature_type": "populated place",
        "geoname_id": 2749315
      }
    },
    {
      "type": "Feature",
      "geometry": {
        "type": "Point",
        "coordinates": [
          5.88194,
          51.95833
        ]
      },
      "properties": {
        "name": "Elden",
        "country": "The Netherlands",
        "region": "Gelderland",
        "elevation_m": null,
        "population": 2300,
        "feature_type": "populated place",
        "geoname_id": 2756229
      }
    },
    {
      "type": "Feature",
      "geometry": {
        "type": "Point",
        "coordinates": [
          5.84167,
          51.16167
        ]
      },
      "properties": {
        "name": "Thorn",
        "country": "The Netherlands",
        "region": "Limburg",
        "elevation_m": null,
        "population": 2295,
        "feature_type": "populated place",
        "geoname_id": 2746342
      }
    },
    {
      "type": "Feature",
      "geometry": {
        "type": "Point",
        "coordinates": [
          5.97841,
          52.21816
        ]
      },
      "properties": {
        "name": "Zevenhuizen",
        "country": "The Netherlands",
        "region": "Gelderland",
        "elevation_m": null,
        "population": 2290,
        "feature_type": "section of populated place",
        "geoname_id": 2743923
      }
    },
    {
      "type": "Feature",
      "geometry": {
        "type": "Point",
        "coordinates": [
          7.16528,
          53.11583
        ]
      },
      "properties": {
        "name": "Bellingwolde",
        "country": "The Netherlands",
        "region": "Groningen",
        "elevation_m": null,
        "population": 2290,
        "feature_type": "populated place",
        "geoname_id": 2759247
      }
    },
    {
      "type": "Feature",
      "geometry": {
        "type": "Point",
        "coordinates": [
          5.85278,
          52.74333
        ]
      },
      "properties": {
        "name": "Luttelgeest",
        "country": "The Netherlands",
        "region": "Flevoland",
        "elevation_m": null,
        "population": 2285,
        "feature_type": "populated place",
        "geoname_id": 2751361
      }
    },
    {
      "type": "Feature",
      "geometry": {
        "type": "Point",
        "coordinates": [
          5.075,
          52.71667
        ]
      },
      "properties": {
        "name": "Midwoud",
        "country": "The Netherlands",
        "region": "North Holland",
        "elevation_m": null,
        "population": 2280,
        "feature_type": "populated place",
        "geoname_id": 2750829
      }
    },
    {
      "type": "Feature",
      "geometry": {
        "type": "Point",
        "coordinates": [
          4.00139,
          51.65083
        ]
      },
      "properties": {
        "name": "Nieuwerkerk",
        "country": "The Netherlands",
        "region": "Zeeland",
        "elevation_m": null,
        "population": 2275,
        "feature_type": "populated place",
        "geoname_id": 2750264
      }
    },
    {
      "type": "Feature",
      "geometry": {
        "type": "Point",
        "coordinates": [
          5.95833,
          51.91583
        ]
      },
      "properties": {
        "name": "Angeren",
        "country": "The Netherlands",
        "region": "Gelderland",
        "elevation_m": null,
        "population": 2275,
        "feature_type": "populated place",
        "geoname_id": 2759765
      }
    },
    {
      "type": "Feature",
      "geometry": {
        "type": "Point",
        "coordinates": [
          4.85694,
          52.74
        ]
      },
      "properties": {
        "name": "t Veld",
        "country": "The Netherlands",
        "region": "North Holland",
        "elevation_m": null,
        "population": 2275,
        "feature_type": "populated place",
        "geoname_id": 2746093
      }
    },
    {
      "type": "Feature",
      "geometry": {
        "type": "Point",
        "coordinates": [
          5.97917,
          51.51
        ]
      },
      "properties": {
        "name": "Leunen",
        "country": "The Netherlands",
        "region": "Limburg",
        "elevation_m": null,
        "population": 2270,
        "feature_type": "populated place",
        "geoname_id": 2751695
      }
    },
    {
      "type": "Feature",
      "geometry": {
        "type": "Point",
        "coordinates": [
          5.89722,
          51.49
        ]
      },
      "properties": {
        "name": "Ysselsteyn",
        "country": "The Netherlands",
        "region": "Limburg",
        "elevation_m": null,
        "population": 2260,
        "feature_type": "populated place",
        "geoname_id": 2753353
      }
    },
    {
      "type": "Feature",
      "geometry": {
        "type": "Point",
        "coordinates": [
          6.86111,
          53.16333
        ]
      },
      "properties": {
        "name": "Zuidbroek",
        "country": "The Netherlands",
        "region": "Groningen",
        "elevation_m": null,
        "population": 2255,
        "feature_type": "populated place",
        "geoname_id": 2743800
      }
    },
    {
      "type": "Feature",
      "geometry": {
        "type": "Point",
        "coordinates": [
          6.05046,
          50.89245
        ]
      },
      "properties": {
        "name": "Hopel",
        "country": "The Netherlands",
        "region": "Limburg",
        "elevation_m": null,
        "population": 2240,
        "feature_type": "populated place",
        "geoname_id": 2753615
      }
    },
    {
      "type": "Feature",
      "geometry": {
        "type": "Point",
        "coordinates": [
          6.66389,
          52.335
        ]
      },
      "properties": {
        "name": "Nijrees",
        "country": "The Netherlands",
        "region": "Overijssel",
        "elevation_m": null,
        "population": 2235,
        "feature_type": "section of populated place",
        "geoname_id": 2750047
      }
    },
    {
      "type": "Feature",
      "geometry": {
        "type": "Point",
        "coordinates": [
          4.48706,
          51.90553
        ]
      },
      "properties": {
        "name": "Kop van Zuid",
        "country": "The Netherlands",
        "region": "South Holland",
        "elevation_m": 2,
        "population": 2235,
        "feature_type": "populated place",
        "geoname_id": 7873874
      }
    },
    {
      "type": "Feature",
      "geometry": {
        "type": "Point",
        "coordinates": [
          5.28889,
          51.42083
        ]
      },
      "properties": {
        "name": "Vessem",
        "country": "The Netherlands",
        "region": "North Brabant",
        "elevation_m": null,
        "population": 2220,
        "feature_type": "populated place",
        "geoname_id": 2745589
      }
    },
    {
      "type": "Feature",
      "geometry": {
        "type": "Point",
        "coordinates": [
          6.60141,
          53.22892
        ]
      },
      "properties": {
        "name": "Oosterhoogebrug",
        "country": "The Netherlands",
        "region": "Groningen",
        "elevation_m": null,
        "population": 2210,
        "feature_type": "section of populated place",
        "geoname_id": 2749451
      }
    },
    {
      "type": "Feature",
      "geometry": {
        "type": "Point",
        "coordinates": [
          5.47361,
          51.56833
        ]
      },
      "properties": {
        "name": "Eerschot",
        "country": "The Netherlands",
        "region": "North Brabant",
        "elevation_m": null,
        "population": 2210,
        "feature_type": "populated place",
        "geoname_id": 2756343
      }
    },
    {
      "type": "Feature",
      "geometry": {
        "type": "Point",
        "coordinates": [
          4.65314,
          52.05497
        ]
      },
      "properties": {
        "name": "Vondelwijk",
        "country": "The Netherlands",
        "region": "South Holland",
        "elevation_m": null,
        "population": 2205,
        "feature_type": "section of populated place",
        "geoname_id": 6948946
      }
    },
    {
      "type": "Feature",
      "geometry": {
        "type": "Point",
        "coordinates": [
          4.77917,
          52.18167
        ]
      },
      "properties": {
        "name": "Zevenhoven",
        "country": "The Netherlands",
        "region": "South Holland",
        "elevation_m": null,
        "population": 2200,
        "feature_type": "populated place",
        "geoname_id": 2743937
      }
    },
    {
      "type": "Feature",
      "geometry": {
        "type": "Point",
        "coordinates": [
          5.20417,
          51.80083
        ]
      },
      "properties": {
        "name": "Gameren",
        "country": "The Netherlands",
        "region": "Gelderland",
        "elevation_m": null,
        "population": 2200,
        "feature_type": "populated place",
        "geoname_id": 2755751
      }
    },
    {
      "type": "Feature",
      "geometry": {
        "type": "Point",
        "coordinates": [
          6.80278,
          52.77167
        ]
      },
      "properties": {
        "name": "Sleen",
        "country": "The Netherlands",
        "region": "Drenthe",
        "elevation_m": null,
        "population": 2200,
        "feature_type": "populated place",
        "geoname_id": 2747182
      }
    },
    {
      "type": "Feature",
      "geometry": {
        "type": "Point",
        "coordinates": [
          5.64575,
          53.02064
        ]
      },
      "properties": {
        "name": "Tinga",
        "country": "The Netherlands",
        "region": "Friesland",
        "elevation_m": null,
        "population": 2190,
        "feature_type": "section of populated place",
        "geoname_id": 2746286
      }
    },
    {
      "type": "Feature",
      "geometry": {
        "type": "Point",
        "coordinates": [
          5.33333,
          51.80083
        ]
      },
      "properties": {
        "name": "Rossum",
        "country": "The Netherlands",
        "region": "Gelderland",
        "elevation_m": null,
        "population": 2190,
        "feature_type": "populated place",
        "geoname_id": 2747908
      }
    },
    {
      "type": "Feature",
      "geometry": {
        "type": "Point",
        "coordinates": [
          6.92639,
          53.32167
        ]
      },
      "properties": {
        "name": "Farmsum",
        "country": "The Netherlands",
        "region": "Groningen",
        "elevation_m": null,
        "population": 2185,
        "feature_type": "populated place",
        "geoname_id": 2755929
      }
    },
    {
      "type": "Feature",
      "geometry": {
        "type": "Point",
        "coordinates": [
          6.09209,
          53.21261
        ]
      },
      "properties": {
        "name": "Kootstertille",
        "country": "The Netherlands",
        "region": "Friesland",
        "elevation_m": null,
        "population": 2180,
        "feature_type": "populated place",
        "geoname_id": 2752444
      }
    },
    {
      "type": "Feature",
      "geometry": {
        "type": "Point",
        "coordinates": [
          6.1117,
          52.50141
        ]
      },
      "properties": {
        "name": "Pierik",
        "country": "The Netherlands",
        "region": "Overijssel",
        "elevation_m": null,
        "population": 2180,
        "feature_type": "section of populated place",
        "geoname_id": 2748611
      }
    }
  ]
}